,节数,星期,课程信息,课程名称,时间范围,地点
0,第一节,一,"大数据财税(2-17周)沙河主教213",大数据财税,(2-17周),沙河主教213
1,第一节,二,"英语A1(2-17周)沙河西区505",英语A1,(2-17周),沙河西区505
2,第一节,三,"专业英语(财经文献导读)(2-17周)沙河主教307",专业英语,(财经文献导读),(2-17周)
3,第一节,四,"计算机高级应用1沙河西区302(第2周)沙河学院楼6号111(第3-17周)",计算机高级应用1,沙河西区302,(第2周)
4,第三节,一,"高级微观经济学C1(2-17周)沙河主教111",高级微观经济学C1,(2-17周),沙河主教111
5,第三节,二,"税收理论与政策(2-13周)沙河主教406",税收理论与政策,(2-13周),沙河主教406
6,第三节,三,"财政投融资研究专题(2-17周)沙河主教407",财政投融资研究专题,(2-17周),沙河主教407
7,第三节,四,"西方人文社科经典原著选读1(2-17周)沙河西区102",西方人文社科经典,原著选读1,(2-17周)
8,第三节,五,"税收经济学(2-17周)沙河主教306",税收经济学,(2-17周),沙河主教306
9,第七节,一,"中国特色社会主义理论与实践研究1(2-17周)沙河主教111",中国特色社会主义理,论与实践研究1,(2-17周)
10,第七节,五,"国有资产管理与评估(2-17周)沙河主教306",国有资产管理与评估,(2-17周),沙河主教306
11,第九节,一,"马克思主义与社会科学方法论2(2-9周)沙河主教107",马克思主义与社会科,学方法论2,(2-9周)
12,第九节,五,"财政理论研究(2-17周)沙河主教304",财政理论研究,(2-17周),沙河主教304
13,第十二节,一,"税务会计(2-17周)沙河主教210",税务会计,(2-17周),沙河主教210
14,第十二节,四,"二外日语2(2-17周)沙河西区302二外法语2(2-17周)沙河西区303二外俄语2(2-17周)沙河西区402",二外日语2(2-17周),沙河西区302,二外法语2(2-17周)
,节数,星期,课程信息,课程名称,时间范围,地点
0,第一节,二,"社会保障理论研究(2-17周)沙河学院楼3号楼124",社会保障理论研究,(2-17周),沙河学院楼3号楼
1,第一节,三,"优化原理(2-17周)沙河主教104",优化原理,(2-17周),沙河主教104
2,第一节,四,"计算机高级应用2沙河西区303(第2周)沙河学院楼6号108(第3-17周)",计算机高级应用2,沙河西区303,(第2周)
3,第一节,五,"保险理论与政策(2-17周)沙河学院楼3号楼221",保险理论与政策,(2-17周),沙河学院楼3号楼
4,第三节,一,"高级微观经济学C1(2-17周)沙河主教111",高级微观经济学C1,(2-17周),沙河主教111
5,第三节,二,"高级风险管理(2-17周)沙河学院楼2号楼210",高级风险管理,(2-17周),沙河学院楼2号楼
6,第三节,四,"西方人文社科经典原著选读1(2-17周)沙河西区102",西方人文社科经典,原著选读1,(2-17周)
7,第三节,五,"精算原理(2-17周)沙河学院楼6号楼106",精算原理,(2-17周),沙河学院楼6号楼
8,第七节,一,"中国特色社会主义理论与实践研究1(2-17周)沙河主教111",中国特色社会主义,理论与实践研究1,(2-17周)
9,第七节,二,"英语A6(2-17周)沙河主教104",英语A6,(2-17周),沙河主教104
10,第七节,四,"专业英语(保险)(2-17周)沙河主教501",专业英语(保险),(2-17周),沙河主教501
11,第九节,一,"马克思主义与社会科学方法论2(2-9周)沙河主教107",马克思主义与社会,科学方法论2,(2-9周)
12,第九节,二,"再保险研究(2-9周)沙河西区203",再保险研究,(2-9周),沙河西区203
13,第十二节,四,"二外日语2(2-17周)沙河西区302二外法语2(2-17周)沙河西区303二外俄语2(2-17周)沙河西区402",二外日语2(2-17周),沙河西区302,二外法语2(2-17周)
,节数,星期,课程信息,课程名称,时间范围,地点
0,第一节,二,"社会保障理论研究(2-17周)沙河学院楼3号楼124",社会保障理论研究,(2-17周),沙河学院楼3号楼
1,第一节,四,"计算机高级应用2沙河西区303(第2周)沙河学院楼6号楼108(第3-17周)",计算机高级应用2,沙河西区303,(第2周)
2,第一节,五,"保险理论与政策(2-17周)沙河学院楼3号楼221",保险理论与政策,(2-17周),沙河学院楼3号楼
3,第三节,一,"高级微观经济学C1(2-17周)沙河主教111",高级微观经济学C1,(2-17周),沙河主教111
4,第三节,四,"西方人文社科经典原著选读1(2-17周)沙河西区102",西方人文社科经典原,著选读1,(2-17周)
5,第三节,五,"精算原理(2-17周)沙河主教505",精算原理,(2-17周),沙河主教505
6,第七节,一,"中国特色社会主义理论与实践研究1(2-17周)沙河主教111",中国特色社会主义,理论与实践研究1,(2-17周)
7,第七节,二,"英语A6(2-17周)沙河主教104",英语A6,(2-17周),沙河主教104
8,第七节,五,"随机分析基础(2-17周)沙河学院楼4号楼112",随机分析基础,(2-17周),沙河学院楼4号楼
9,第九节,一,"马克思主义与社会科学方法论2(2-9周)沙河主教107",马克思主义与社会,科学方法论2,(2-9周)
10,第九节,二,"再保险研究(2-9周)沙河西区203",再保险研究,(2-9周),沙河西区203
11,第十二节,四,"二外日语2(2-17周)沙河西区302二外法语2(2-17周)沙河西区303二外俄语2(2-17周)沙河西区402",二外日语2(2-17周),沙河西区302,二外法语2(2-17周)
,节数,星期,课程信息,课程名称,时间范围,地点
0,第一节,四,"计算机高级应用2沙河西区303(第2周)沙河学院楼6号楼108(第3-17周)统计软件(2-17周)沙河学院楼6号楼101",计算机高级应用2,沙河西区303,(第2周)
1,第一节,五,"保险理论与政策(2-17周)沙河学院楼3号楼221",保险理论与政策,(2-17周),沙河学院楼3号楼
2,第三节,一,"高级微观经济学C1(2-17周)沙河主教111",高级微观经济学C1,(2-17周),沙河主教111
3,第三节,二,"社会保障理论研究(2-17周)沙河学院楼3号楼218",社会保障理论研究,(2-17周),沙河学院楼3号楼
4,第三节,三,"劳动经济理论与政策研究(2-17周)沙河学院楼4号楼223",劳动经济理论与,政策研究,(2-17周)
5,第三节,四,"西方人文社科经典原著选读1(2-17周)沙河西区102",西方人文社科经典原,著选读1,(2-17周)
6,第七节,一,"中国特色社会主义理论与实践研究1(2-17周)沙河主教111",中国特色社会主义理,论与实践研究1,(2-17周)
7,第七节,二,"英语A6(2-17周)沙河主教104",英语A6,(2-17周),沙河主教104
8,第九节,一,"马克思主义与社会科学方法论2(2-9周)沙河主教107",马克思主义与社会科,学方法论2,(2-9周)
9,第十二节,四,"二外日语2(2-17周)沙河西区302二外法语2(2-17周)沙河西区303二外俄语2(2-17周)沙河西区402",二外日语2(2-17周),沙河西区302,二外法语2(2-17周)
,节数,星期,课程信息,课程名称,时间范围,地点
0,第一节,三,"最优化理论(2-17周双周上)沙河主教405",最优化理论,(2-17周双周上),沙河主教405
1,第一节,四,"计算机高级应用2沙河西区303(第2周)沙河学院楼6号108(第3-17周)",计算机高级应用2,沙河西区303,(第2周)
2,第一节,五,"投入产出分析1(2-17周)沙河主教503(5、9、12、14、16、17周实验课)沙河学院楼4号楼102最优化理论(2-17周)沙河主教405",投入产出分析1(2-17周),沙河主教503,(5、9、12、14、16、17周实验课)
3,第三节,一,"高级微观经济学C1(2-17周)沙河主教111",高级微观经济学C1,(2-17周),沙河主教111
4,第三节,三,"多元统计分析1(2-17周)沙河学院楼3号楼323",多元统计分析1,(2-17周),沙河学院楼3号楼
5,第三节,四,"西方人文社科经典原著选读1(2-17周)沙河西区102",西方人文社科经典原著选读1,(2-17周),沙河西区102
6,第七节,一,"中国特色社会主义理论与实践研究3(2-17周)沙河西区101",中国特色社会主义,理论与实践研究3,(2-17周)
7,第七节,五,"专业英语1(2-17周)沙河主教407",专业英语1,(2-17周),沙河主教407
8,第九节,一,"马克思主义与社会科学方法论4(2-9周)沙河西区102统计计算1(2-17周)沙河主教104随机过程1(2-17周)沙河主教501",马克思主义与社会科学,方法论4(2-9周),沙河西区102
9,第九节,二,"高级计量经济学A1上(2-13周)沙河学院楼3号楼322(14-17周)沙河学院楼6号楼304",高级计量经济学A1上,(2-13周),沙河学院楼3号楼322
10,第九节,五,"高等数理统计学1(2-17周)沙河西区402",高等数理统计学1,(2-17周),沙河西区402
11,第十二节,三,"数量经济学前沿专题1(2-17周)沙河主教102",数量经济学前沿专,题1,(2-17周)
12,第十二节,四,"二外日语2(2-17周)沙河西区302二外法语2(2-17周)沙河西区303二外俄语2(2-17周)沙河西区402",二外日语2(2-17周),沙河西区302,二外法语2(2-17周)
,节数,星期,课程信息,课程名称,时间范围,地点
0,第一节,三,"统计调查1(2-17周)沙河学院楼6号楼108最优化理论(2-17周双周上)沙河主教405",统计调查1,(2-17周),沙河学院楼6号楼108
1,第一节,四,"计算机高级应用2沙河西区303(第2周)沙河学院楼6号108(第3-17周)",计算机高级应用2,沙河西区303,(第2周)
2,第一节,五,"投入产出分析1(2-17周)沙河主教503(5、9、12、14、16、17周实验课)沙河学院楼4号楼102最优化理论(2-17周)沙河主教405",投入产出分析1,(2-17周),沙河主教503
3,第三节,一,"高级微观经济学C1(2-17周)沙河主教111",高级微观经济学C1,(2-17周),沙河主教111
4,第三节,三,"多元统计分析1(2-17周)沙河学院楼3号323",多元统计分析1,(2-17周),沙河学院楼3号323
5,第三节,四,"西方人文社科经典原著选读1(2-17周)沙河西区102",西方人文社科经典原,著选读1(2-17周),沙河西区102
6,第三节,五,"最优化理论1(2-17周)沙河主教218",最优化理论1,(2-17周),沙河主教218
7,第七节,一,"中国特色社会主义理论与实践研究3(2-17周)沙河西区101",中国特色社会主义,理论与实践研究3,(2-17周)
8,第七节,二,"综合评价方法1(2-17周)沙河主教219",综合评价方法1,(2-17周),沙河主教219
9,第七节,五,"专业英语1(2-17周)沙河主教407",专业英语1,(2-17周),沙河主教407
10,第九节,一,"马克思主义与社会科学方法论4(2-9周)沙河西区102统计计算1(2-17周)沙河主教104随机过程1(2-17周)沙河主教501",马克思主义与社会科学,方法论4(2-9周),沙河西区102
11,第九节,二,"泛函分析1(2-17周)沙河主教402",泛函分析1,(2-17周),沙河主教402
12,第九节,四,"回归分析1(2-17周)沙河主教501",回归分析1,(2-17周),沙河主教501
13,第九节,五,"高等数理统计学1(2-17周)沙河西区402",高等数理统计学1,(2-17周),沙河西区402
14,第十二节,二,"高等概率论1(2-17周)沙河主教402",高等概率论1,(2-17周),沙河主教402
15,第十二节,三,"数量经济学前沿专题1(2-17周)沙河主教102",数量经济学前沿专题1,(2-17周),沙河主教102
16,第十二节,四,"二外日语2(2-17周)沙河西区302二外法语2(2-17周)沙河西区303二外俄语2(2-17周)沙河西区402",二外日语2(2-17周),沙河西区302,二外法语2(2-17周)
,节数,星期,课程信息,课程名称,时间范围,地点
0,第一节,三,"统计调查1(2-17周)沙河学院楼6号楼108最优化理论(2-17周双周上)沙河主教405",统计调查1,(2-17周),沙河学院楼6号楼108
1,第一节,四,"计算机高级应用2沙河西区303(第2周)沙河学院楼6号108(第3-17周)",计算机高级应用2,沙河西区303,(第2周)
2,第一节,五,"投入产出分析1(2-17周)沙河主教503(5、9、12、14、16、17周实验课)沙河学院楼4号楼102最优化理论(2-17周)沙河主教405",投入产出分析1,(2-17周),沙河主教503
3,第三节,一,"高级微观经济学C1(2-17周)沙河主教111",高级微观经济学C1,(2-17周),沙河主教111
4,第三节,三,"多元统计分析1(2-17周)沙河学院楼3号楼323",多元统计分析1,(2-17周),沙河学院楼3号楼323
5,第三节,四,"西方人文社科经典原著选读1(2-17周)沙河西区102",西方人文社科经典,原著选读1,(2-17周)
6,第七节,一,"中国特色社会主义理论与实践研究3(2-17周)沙河西区101",中国特色社会主义理,论与实践研究3,(2-17周)
7,第七节,二,"综合评价方法1(2-17周)沙河主教219",综合评价方法1,(2-17周),沙河主教219
8,第七节,五,"专业英语1(2-17周)沙河主教407",专业英语1,(2-17周),沙河主教407
9,第九节,一,"随机过程1(2-17周)沙河主教501统计计算1(2-17周)沙河主教104",随机过程1,(2-17周),沙河主教501
10,第九节,二,"泛函分析1(2-17周)沙河主教402",泛函分析1,(2-17周),沙河主教402
11,第九节,四,"回归分析1(2-17周)沙河主教501",回归分析1,(2-17周),沙河主教501
12,第九节,五,"高等数理统计学1(2-17周)沙河西区402",高等数理统计学1,(2-17周),沙河西区402
13,第十二节,二,"高等概率论1(2-17周)沙河主教402",高等概率论1,(2-17周),沙河主教402
14,第十二节,三,"数量经济学前沿专题1(2-17周)沙河主教102",数量经济学前沿专题1,(2-17周),沙河主教102
15,第十二节,四,"二外日语2(2-17周)沙河西区302二外法语2(2-17周)沙河西区303二外俄语2(2-17周)沙河西区402",二外日语2(2-17周),沙河西区302,二外法语2(2-17周)
,节数,星期,课程信息,课程名称,时间范围,地点
0,第一节,三,"最优化理论(2-17周双周上)沙河主教405",最优化理论,(2-17周双周上),沙河主教405
1,第一节,四,"计算机高级应用2沙河西区303(第2周)沙河学院楼6号108(第3-17周)",计算机高级应用2,沙河西区303,(第2周)
2,第一节,五,"最优化理论(2-17周)沙河主教405",最优化理论,(2-17周),沙河主教405
3,第三节,一,"高级微观经济学C1(2-17周)沙河主教111遍历论1(2-17周)沙河主教308",高级微观经济学C1,(2-17周),沙河主教111
4,第三节,二,"高等数值代数1(2-17周)沙河主教507(8、10、12、14周为实验课)沙河学院楼4号楼216",高等数值代数1,(2-17周),沙河主教507
5,第三节,三,"多元统计分析1(2-17周)沙河学院楼3号323",多元统计分析1,(2-17周),沙河学院楼3号323
6,第三节,四,"西方人文社科经典原著选读1(2-17周)沙河西区102运筹学1(2-17周)沙河西区404",西方人文社科经典,原著选读1,(2-17周)
7,第七节,一,"中国特色社会主义理论与实践研究3(2-17周)沙河西区101",中国特色社会主义理,论与实践研究3,(2-17周)
8,第七节,五,"专业英语1(2-17周)沙河主教407",专业英语1,(2-17周),沙河主教407
9,第九节,一,"偏微分方程1(2-17周)沙河主教401统计计算1(2-17周)沙河主教104随机过程1(2-17周)沙河主教501",偏微分方程1(2-17周),沙河主教401,统计计算1(2-17周)
10,第九节,二,"泛函分析1(2-17周)沙河主教402",泛函分析1,(2-17周),沙河主教402
11,第九节,四,"回归分析1(2-17周)沙河主教501",回归分析1,(2-17周),沙河主教501
12,第九节,五,"高等数理统计学1(2-17周)沙河西区402",高等数理统计学1,(2-17周),沙河西区402
13,第十二节,二,"高等概率论1(2-17周)沙河主教402",高等概率论1,(2-17周),沙河主教402
14,第十二节,四,"二外日语2(2-17周)沙河西区302二外法语2(2-17周)沙河西区303二外俄语2(2-17周)沙河西区402",二外日语2(2-17周),沙河西区302,二外法语2(2-17周)
,节数,星期,课程信息,课程名称,时间范围,地点
0,第三节,一,"高级微观经济学B(上)(2-17周)沙河西区302",高级微观经济学B,(上),(2-17周)
1,第三节,二,"高级宏观经济学B(上)(2-17周)沙河西区402",高级宏观经济学B,(上),(2-17周)
2,第三节,四,"实证研究方法(2-17周)沙河主教106",实证研究方法,(2-17周),沙河主教106
3,第三节,五,"论文写作指导(2-8周)沙河主教215",论文写作指导,(2-8周),沙河主教215
4,第七节,二,"英语A3(2-17周)沙河西区505",英语A3,(2-17周),沙河西区505
5,第九节,一,"中国特色社会主义理论与实践研究2(2-17周)沙河主教111",中国特色社会主义,理论与实践研究2,(2-17周)
,节数,星期,课程信息,课程名称,时间范围,地点
0,第三节,一,"高级微观经济学B(上)(2-17周)沙河西区302",高级微观经济学B,(上),(2-17周)
1,第三节,二,"高级宏观经济学B(上)(2-17周)沙河西区402",高级宏观经济学B,(上),(2-17周)
2,第三节,四,"实证研究方法(2-17周)沙河主教106",实证研究方法,(2-17周),沙河主教106
3,第三节,五,"论文写作指导(2-9周)沙河主教215",论文写作指导,(2-9周),沙河主教215
4,第七节,二,"英语A3(2-17周)沙河西区505",英语A3,(2-17周),沙河西区505
5,第九节,一,"中国特色社会主义理论与实践研究2(2-17周)沙河主教111",中国特色社会主义,理论与实践研究2,(2-17周)
,节数,星期,课程信息,课程名称,时间范围,地点
0,第三节,一,"高级微观经济学B(上)(2-17周)沙河西区302",高级微观经济学B,(上),(2-17周)
1,第三节,二,"高级宏观经济学B(上)(2-17周)沙河西区402",高级宏观经济学B,(上),(2-17周)
2,第三节,四,"实证研究方法(2-17周)沙河主教106",实证研究方法,(2-17周),沙河主教106
3,第三节,五,"论文写作指导(2-9周)沙河主教215",论文写作指导,(2-9周),沙河主教215
4,第七节,二,"英语A3(2-17周)沙河西区505",英语A3,(2-17周),沙河西区505
5,第九节,一,"中国特色社会主义理论与实践研究2(2-17周)沙河主教111",中国特色社会主义,理论与实践研究2,(2-17周)
,节数,星期,课程信息,课程名称,时间范围,地点
0,第三节,一,"高级微观经济学B(上)(2-17周)沙河西区302",高级微观经济学B,(上),(2-17周)
1,第三节,二,"高级宏观经济学B(上)(2-17周)沙河西区402",高级宏观经济学B,(上),(2-17周)
2,第三节,四,"实证研究方法(2-17周)沙河主教106",实证研究方法,(2-17周),沙河主教106
3,第三节,五,"论文写作指导(2-9周)沙河主教215",论文写作指导,(2-9周),沙河主教215
4,第七节,二,"英语A3(2-17周)沙河西区505",英语A3,(2-17周),沙河西区505
5,第九节,一,"中国特色社会主义理论与实践研究2(2-17周)沙河主教111",中国特色社会主义,理论与实践研究2,(2-17周)
,节数,星期,课程信息,课程名称,时间范围,地点
0,第三节,一,"高级微观经济学B(上)(2-17周)沙河西区302",高级微观经济学B,(上),(2-17周)
1,第三节,二,"高级宏观经济学B(上)(2-17周)沙河西区402",高级宏观经济学B,(上),(2-17周)
2,第三节,四,"实证研究方法(2-17周)沙河主教106",实证研究方法,(2-17周),沙河主教106
3,第三节,五,"论文写作指导(2-9周)沙河主教215",论文写作指导,(2-9周),沙河主教215
4,第七节,二,"英语A3(2-17周)沙河西区505",英语A3,(2-17周),沙河西区505
5,第九节,一,"中国特色社会主义理论与实践研究2(2-17周)沙河主教111",中国特色社会主义,理论与实践研究2,(2-17周)
,节数,星期,课程信息,课程名称,时间范围,地点
0,第三节,一,"高级微观经济学B(上)(2-17周)沙河西区302",高级微观经济学B,(上),(2-17周)
1,第三节,二,"高级宏观经济学B(上)(2-17周)沙河西区402",高级宏观经济学B,(上),(2-17周)
2,第三节,四,"实证研究方法(2-17周)沙河主教106",实证研究方法,(2-17周),沙河主教106
3,第三节,五,"论文写作指导(2-9周)沙河主教215",论文写作指导,(2-9周),沙河主教215
4,第七节,二,"英语A3(2-17周)沙河西区505",英语A3,(2-17周),沙河西区505
5,第九节,一,"中国特色社会主义理论与实践研究2(2-17周)沙河主教111",中国特色社会主义,理论与实践研究2,(2-17周)
,节数,星期,课程信息,课程名称,时间范围,地点
0,第一节,二,"英语A4(2-17周)沙河主教104",英语A4,(2-17周),沙河主教104
1,第三节,一,"高级微观经济学B(上)(2-17周)沙河西区302",高级微观经济学B,(上),(2-17周)
2,第三节,二,"高级宏观经济学B(上)(2-17周)沙河西区402",高级宏观经济学B,(上),(2-17周)
3,第三节,四,"实证研究方法(2-17周)沙河主教106",实证研究方法,(2-17周),沙河主教106
4,第三节,五,"论文写作指导(2-9周)沙河主教215",论文写作指导,(2-9周),沙河主教215
5,第九节,一,"中国特色社会主义理论与实践研究2(2-17周)沙河主教111",中国特色社会主义,理论与实践研究2,(2-17周)
,节数,星期,课程信息,课程名称,时间范围,地点
0,第三节,一,"高级微观经济学B(上)(2-17周)沙河西区302",高级微观经济学B,(上),(2-17周)
1,第三节,二,"高级宏观经济学B(上)(2-17周)沙河西区402",高级宏观经济学B,(上),(2-17周)
2,第三节,四,"实证研究方法(2-17周)沙河主教106",实证研究方法,(2-17周),沙河主教106
3,第三节,五,"论文写作指导(2-9周)沙河主教215",论文写作指导,(2-9周),沙河主教215
4,第七节,二,"英语A3(2-17周)沙河西区505",英语A3,(2-17周),沙河西区505
5,第九节,一,"中国特色社会主义理论与实践研究2(2-17周)沙河主教111",中国特色社会主义,理论与实践研究2,(2-17周)
,节数,星期,课程信息,课程名称,时间范围,地点
0,第一节,二,"英语A4(2-17周)沙河主教104",英语A4,(2-17周),沙河主教104
1,第三节,一,"高级微观经济学B(上)(2-17周)沙河西区302",高级微观经济学B,(上),(2-17周)
2,第三节,二,"高级宏观经济学B(上)(2-17周)沙河西区402",高级宏观经济学B,(上),(2-17周)
3,第三节,四,"实证研究方法(2-17周)沙河主教106",实证研究方法,(2-17周),沙河主教106
4,第三节,五,"论文写作指导(2-9周)沙河主教215",论文写作指导,(2-9周),沙河主教215
5,第九节,一,"中国特色社会主义理论与实践研究2(2-17周)沙河主教111",中国特色社会主义,理论与实践研究2,(2-17周)
,节数,星期,课程信息,课程名称,时间范围,地点
0,第一节,二,"英语A4(2-17周)沙河主教104",英语A4,(2-17周),沙河主教104
1,第三节,一,"高级微观经济学B(上)(2-17周)沙河西区302",高级微观经济学B,(上),(2-17周)
2,第三节,二,"高级宏观经济学B(上)(2-17周)沙河西区402",高级宏观经济学B,(上),(2-17周)
3,第三节,四,"实证研究方法(2-17周)沙河主教106",实证研究方法,(2-17周),沙河主教106
4,第三节,五,"论文写作指导(2-9周)沙河主教215",论文写作指导,(2-9周),沙河主教215
5,第九节,一,"中国特色社会主义理论与实践研究2(2-17周)沙河主教111",中国特色社会主义理,论与实践研究2,(2-17周)
,节数,星期,课程信息,课程名称,时间范围,地点
0,第一节,一,"城市经济学(2-17周)沙河主教208",城市经济学,(2-17周),沙河主教208
1,第一节,二,"房地产经济学(2-17周)沙河主教405",房地产经济学,(2-17周),沙河主教405
2,第一节,三,"期权、期货及衍生证券(2-17周)沙河主教406",期权、期货及衍生,证券,(2-17周)
3,第一节,四,"计算机高级应用2沙河西区303(第2周)沙河学院楼6号108(第3-17周)",计算机高级应用2,沙河西区303,(第2周)
4,第一节,五,"项目融资研究(2-17周)沙河主教105",项目融资研究,(2-17周),沙河主教105
5,第三节,一,"高级微观经济学C2(2-17周)沙河西区303",高级微观经济学C2,(2-17周),沙河西区303
6,第三节,二,"英语A5(2-17周)沙河主教104",英语A5,(2-17周),沙河主教104
7,第三节,三,"房地产学研究方法(2-17周)沙河学院楼4号楼318",房地产学研究方法,(2-17周),沙河学院楼4号楼
8,第三节,四,"西方人文社科经典原著选读1(2-17周)沙河西区102",西方人文社科经典,原著选读1,(2-17周)
9,第三节,五,"投资决策与财务分析(2-17周)沙河学院楼4号楼102",投资决策与财务分,析,(2-17周)
10,第七节,一,"马克思主义与社会科学方法论3(2-9周)沙河西区102",马克思主义与社会,科学方法论3,(2-9周)
11,第七节,二,"投资学(2-17周)沙河主教309",投资学,(2-17周),沙河主教309
12,第九节,一,"中国特色社会主义理论与实践研究4(2-17周)沙河西区101",中国特色社会主义,理论与实践研究4,(2-17周)
13,第九节,二,"风险投资(2-17周)沙河主教104",风险投资,(2-17周),沙河主教104
14,第十二节,二,"房地产估价理论与实务(2-17周)沙河主教102",房地产估价理论与,实务,(2-17周)
15,第十二节,三,"高级公司财务理论(2-17周)沙河主教305",高级公司财务理论,(2-17周),沙河主教305
16,第十二节,四,"二外日语2(2-17周)沙河西区302二外法语2(2-17周)沙河西区303二外俄语2(2-17周)沙河西区402",二外日语2(2-17周),沙河西区302,二外法语2(2-17周)
,节数,星期,课程信息,课程名称,时间范围,地点
0,第一节,一,"工程风险管理与决策(2-17周)沙河主教309",工程风险管理与决策,(2-17周),沙河主教309
1,第一节,二,"房地产经济学(2-17周)沙河主教405",房地产经济学,(2-17周),沙河主教405
2,第一节,三,"公共项目投资与决策(2-17周)沙河主教506",公共项目投资与决策,(2-17周),沙河主教506
3,第一节,四,"计算机高级应用2沙河西区303(第2周)沙河学院楼6号108(第3-17周)",计算机高级应用2,沙河西区303,(第2周)
4,第一节,五,"项目融资研究(2-17周)沙河主教105",项目融资研究,(2-17周),沙河主教105
5,第三节,一,"高级微观经济学C2(2-17周)沙河西区303",高级微观经济学C2,(2-17周),沙河西区303
6,第三节,二,"英语A5(2-17周)沙河主教104对外汉语(1)(留学生课)(2-17周)学院南路主教321",英语A5(2-17周),沙河主教104,对外汉语(1)
7,第三节,三,"投入产出分析(2-17周)沙河主教406工程经济学(留学生课)(2-17周)学院南路主教307",投入产出分析(2-17周),沙河主教406,工程经济学(留学生课)
8,第三节,四,"西方人文社科经典原著选读1(2-17周)沙河西区102",西方人文社科经典,原著选读1,(2-17周)
9,第三节,五,"高级项目管理(2-17周)沙河主教405",高级项目管理,(2-17周),沙河主教405
10,第七节,一,"马克思主义与社会科学方法论3(2-9周)沙河西区102",马克思主义与社会科,学方法论3,(2-9周)
11,第七节,二,"投资学(2-17周)沙河主教309系统思维(留学生课)(2-17周)学院南路主教101",投资学(2-17周),沙河主教309,系统思维(留学生课)
12,第七节,五,"对外汉语(1)(留学生课)(2-17周)学院南路主教115",对外汉语(1),(留学生课),(2-17周)
13,第九节,一,"中国特色社会主义理论与实践研究4(2-17周)沙河西区101",中国特色社会主义理,论与实践研究4,(2-17周)
14,第九节,二,"工程与项目管理研究方法论(2-17周)沙河主教208",工程与项目管理研究方法,论,(2-17周)
15,第九节,三,"国际工程管理专题(2-17周)沙河学院楼4号楼318",国际工程管理专题,(2-17周),沙河学院楼4号楼318
16,第九节,四,"工程价值管理(2-17周)沙河主教407",工程价值管理,(2-17周),沙河主教407
17,第九节,五,"高性能绿色建筑交付系统(2-17周)沙河学院楼4号楼318项目管理(留学生课)(2-17周)学院南路109",高性能绿色建筑交付系统,(2-17周),沙河学院楼4号楼318
18,第十二节,一,"房地产金融和投资(2-17周)沙河学院楼4号楼318",房地产金融和投资,(2-17周),沙河学院楼4号楼318
19,第十二节,四,"大数据分析与应用(2-17周)沙河学院楼6号楼206",大数据分析与应用,(2-17周),沙河学院楼6号楼
,节数,星期,课程信息,课程名称,时间范围,地点
0,第一节,二,"英语A7(2-17周)学院南路主教319",英语A7,(2-17周),学院南路主教319
1,第一节,四,"计算机高级应用3学院南路主教303(第2周)学院南路实验楼404(第3-17周)",计算机高级应用3,学院南路主教303,(第2周)
2,第一节,五,"专业英语(2-17周)学院南路主教101",专业英语,(2-17周),学院南路主教101
3,第三节,一,"高级微观经济学C4(2-17周)学院南路主教303",高级微观经济学C4,(2-17周),学院南路主教303
4,第三节,二,"区域经济学(2-17周)学院南路主教115",区域经济学,(2-17周),学院南路主教115
5,第三节,三,"区域经济问题前沿专题(2-17周)学院南路主教209",区域经济问题前沿,专题,(2-17周)
6,第三节,五,"西方人文社科经典原著选读2(2-17周)学院南路主教103",西方人文社科经典,原著选读2,(2-17周)
7,第七节,二,"中国特色社会主义理论与实践研究9(2-17周)学院南路主教303",中国特色社会主义理,论与实践研究9,(2-17周)
8,第七节,四,"区域经济史(2-17周)学院南路主教101",区域经济史,(2-17周),学院南路主教101
9,第九节,二,"马克思主义与社会科学方法论9(2-9周)学院南路主教303",马克思主义与社会科,学方法论9,(2-9周)
10,第十二节,五,"二外日语1(2-17周)学院南路主教419二外法语1(2-17周)学院南路主教403二外俄语1(2-17周)学院南路主教206",二外日语1(2-17周),学院南路主教419,二外法语1(2-17周)
,节数,星期,课程信息,课程名称,时间范围,地点
0,第一节,二,"英语A7(2-17周)学院南路主教319",英语A7,(2-17周),学院南路主教319
1,第一节,四,"计算机高级应用3学院南路主教303(第2周)学院南路实验楼404(第3-17周)",计算机高级应用3,学院南路主教303,(第2周)
2,第三节,一,"高级微观经济学C4(2-17周)学院南路主教303",高级微观经济学C4,(2-17周),学院南路主教303
3,第三节,二,"国防与军事专题(2-17周)学院南路中财大厦二层案例教室5",国防与军事专题,(2-17周),学院南路中财大厦二
4,第三节,四,"国防经济思想史(2-17周)学院南路中财大厦二层案例教室5",国防经济思想史,(2-17周),学院南路中财大厦
5,第三节,五,"国防经济学研究方法(2-17周)学院南路中财大厦二层案例教室5",国防经济学研究方,法,(2-17周)
6,第七节,一,"国防经济学(I)学院南路主教109(2-17周)学院南路中财大厦二层案例教室5",国防经济学(I),学院南路主教109,(2-17周)
7,第七节,二,"中国特色社会主义理论与实践研究9(2-17周)学院南路主教303",中国特色社会主义理,论与实践研究9,(2-17周)
8,第九节,一,"马克思主义与社会科学方法论9(2-9周)学院南路主教303",马克思主义与社会科,学方法论9,(2-9周)
9,第十二节,五,"二外日语1(2-17周)学院南路主教419二外法语1(2-17周)学院南路主教403二外俄语1(2-17周)学院南路主教206",二外日语1(2-17周),学院南路主教419,二外法语1(2-17周)
,节数,星期,课程信息,课程名称,时间范围,地点
0,第一节,四,"计算机高级应用3学院南路主教303(第2周)学院南路实验楼404(第3-17周)",计算机高级应用3,学院南路主教303,(第2周)
1,第三节,一,"经济学中的优化方法(2-17周)学院南路主教406",经济学中的优化方法,(2-17周),学院南路主教406
2,第三节,二,"英语A8(2-17周)学院南路主教319",英语A8,(2-17周),学院南路主教319
3,第三节,五,"高级微观经济学(上)(2-17周)学院南路主教204",高级微观经济学,(上),(2-17周)
4,第七节,一,"马克思主义与社会科学方法论6(2-9周)学院南路主教403",马克思主义与社会科,学方法论6,(2-9周)
5,第七节,二,"高级宏观经济学(上)学院南路主教204",高级宏观经济学,(上),学院南路主教204
6,第七节,四,"高级宏观经济学(上)(2-17周)双周学院南路主教406高级计量经济学(2-17周)单周学院南路主教203",高级宏观经济学,(上),(2-17周)双周
7,第七节,五,"高级计量经济学(2-17周)学院南路主教311",高级计量经济学,(2-17周),学院南路主教311
8,第九节,一,"中国特色社会主义理论与实践研究6(2-17周)学院南路主教303",中国特色社会主义理,论与实践研究6,(2-17周)
,节数,星期,课程信息,课程名称,时间范围,地点
0,第一节,四,"计算机高级应用3学院南路主教303(第2周)学院南路实验楼404(第3-17周)",计算机高级应用3,学院南路主教303,(第2周)
1,第三节,一,"经济学中的优化方法(2-17周)学院南路主教406",经济学中的优化方,法,(2-17周)
2,第三节,二,"英语A8(2-17周)学院南路主教319",英语A8,(2-17周),学院南路主教319
3,第三节,五,"高级微观经济学(上)(2-17周)学院南路主教204",高级微观经济学,(上),(2-17周)
4,第七节,一,"马克思主义与社会科学方法论6(2-9周)学院南路主教403",马克思主义与社会,科学方法论6,(2-9周)
5,第七节,二,"高级宏观经济学(上)纪阳阳学院南路主教204",高级宏观经济学,(上),纪阳阳
6,第七节,四,"高级宏观经济学(上)(2-17周)双周学院南路主教406高级计量经济学(2-17周)单周学院南路主教203",高级宏观经济学,(上),(2-17周)双周
7,第七节,五,"高级计量经济学(2-17周)学院南路主教311",高级计量经济学,(2-17周),学院南路主教311
8,第九节,一,"中国特色社会主义理论与实践研究6(2-17周)学院南路主教303",中国特色社会主义,理论与实践研究6,(2-17周)
,节数,星期,课程信息,课程名称,时间范围,地点
0,第一节,四,"计算机高级应用3学院南路主教303(第2周)学院南路实验楼404(第3-17周)",计算机高级应用3,学院南路主教303,(第2周)
1,第三节,一,"经济学中的优化方法(2-17周)学院南路主教406",经济学中的优化方,法,(2-17周)
2,第三节,二,"英语A8(2-17周)学院南路主教319",英语A8,(2-17周),学院南路主教319
3,第三节,五,"高级微观经济学(上)(2-17周)学院南路主教204",高级微观经济学,(上),(2-17周)
4,第七节,一,"马克思主义与社会科学方法论6(2-9周)学院南路主教403",马克思主义与社会,科学方法论6,(2-9周)
5,第七节,二,"高级宏观经济学(上)纪阳阳学院南路主教204",高级宏观经济学,(上),纪阳阳
6,第七节,四,"高级宏观经济学(上)(2-17周)双周学院南路主教406高级计量经济学(2-17周)单周学院南路主教203",高级宏观经济学,(上),(2-17周)双周
7,第七节,五,"高级计量经济学(2-17周)学院南路主教311",高级计量经济学,(2-17周),学院南路主教311
8,第九节,一,"中国特色社会主义理论与实践研究6(2-17周)学院南路主教303",中国特色社会主义,理论与实践研究6,(2-17周)
,节数,星期,课程信息,课程名称,时间范围,地点
0,第一节,一,"高级微观经济学B(上)(2-17周)学院南路主教310",高级微观经济学B,(上),(2-17周)
1,第一节,三,"高级微观经济学B(上)(2-17周)学院南路主教310",高级微观经济学B,(上),(2-17周)
2,第一节,四,"计算机高级应用3学院南路主教303(第2周)学院南路实验楼404(第3-17周)",计算机高级应用3,学院南路主教303,(第2周)
3,第三节,一,"高级宏观经济学C(2-17周)学院南路主教409",高级宏观经济学C,(2-17周),学院南路主教409
4,第三节,二,"英语A8(2-17周)学院南路主教319",英语A8,(2-17周),学院南路主教319
5,第三节,三,"高级计量经济学(2-17周)学院南南路主教509",高级计量经济学,(2-17周),学院南南路主教509
6,第三节,五,"西方人文社科经典原著选读2(2-17周)学院南路主教103",西方人文社科经典,原著选读2,(2-17周)
7,第七节,一,"马克思主义与社会科学方法论6(2-9周)学院南路主教403",马克思主义与社会,科学方法论6,(2-9周)
8,第七节,三,"高级宏观经济学C(2-17周)学院南路主教409",高级宏观经济学C,(2-17周),学院南路主教409
9,第七节,四,"行为金融学(2-17周)学院南路主教403",行为金融学,(2-17周),学院南路主教403
10,第九节,一,"中国特色社会主义理论与实践研究6(2-17周)学院南路主教303",中国特色社会主义,理论与实践研究6,(2-17周)
11,第九节,四,"投资学(2-17周)学院南路主教406",投资学,(2-17周),学院南路主教406
12,第九节,五,"金融学术讨论课(上)(2-9周)学院南路主教201",金融学术讨论课,(上),(2-9周)
13,第十二节,五,"二外日语1(2-17周)学院南路主教419二外法语1(2-17周)学院南路主教403二外俄语1(2-17周)学院南路主教206",二外日语1(2-17周),学院南路主教419,二外法语1(2-17周)
,节数,星期,课程信息,课程名称,时间范围,地点
0,第一节,五,"房地产评估(2-17周)学院楼7号楼215",房地产评估,(2-17周),学院楼7号楼215
1,第三节,一,"高级微观经济学C1(2-17周)沙河主教111",高级微观经济学C1,(2-17周),沙河主教111
2,第三节,四,"资产评估理论与管理研究(2-17周)学院楼7号楼215",资产评估理论,与管理研究,(2-17周)
3,第三节,五,"财务报表分析(2-17周)沙河主教107",财务报表分析,(2-17周),沙河主教107
4,第四节,二,"税收筹划理论与实务(2-17周)沙河主教209",税收筹划理论与实务,(2-17周),沙河主教209
5,第七节,一,"中国特色社会主义理论与实践研究1(2-17周)沙河主教111",中国特色社会主义理,论与实践研究1,(2-17周)
6,第七节,二,"投资银行学(2-17周)沙河主教308",投资银行学,(2-17周),沙河主教308
7,第七节,四,"财务学研究专题(2-17周)学院楼7号楼215",财务学研究专题,(2-17周),学院楼7号楼215
8,第八节,二,"财政理论研究(2-17周)沙河主教110",财政理论研究,(2-17周),沙河主教110
9,第九节,一,"马克思主义与社会科学方法论2(2-9周)沙河主教107",马克思主义与社会科,学方法论2,(2-9周)
10,第九节,二,"经济计量分析(2-17周)沙河学院楼6号楼108",经济计量分析,(2-17周),沙河学院楼6号楼
11,第九节,四,"国有资产管理(2-17周)学院楼7号楼215",国有资产管理,(2-17周),学院楼7号楼215
,节数,星期,课程信息,课程名称,时间范围,地点
0,第一节,三,"优化原理(2-17周)沙河主教104",优化原理,(2-17周),沙河主教104
1,第一节,四,"计算机高级应用2沙河西区303(第2周)沙河学院楼6号楼108(第3-17周)",计算机高级应用2,沙河西区303,(第2周)
2,第三节,一,"高级微观经济学C1(2-17周)沙河主教111",高级微观经济学C1,(2-17周),沙河主教111
3,第三节,四,"西方人文社科经典原著选读1(2-17周)沙河西区102",西方人文社科经典,原著选读1,(2-17周)
4,第三节,五,"精算原理(2-17周)沙河主教505",精算原理,(2-17周),沙河主教505
5,第七节,一,"中国特色社会主义理论与实践研究1(2-17周)沙河主教111",中国特色社会主义,理论与实践研究1,(2-17周)
6,第九节,一,"马克思主义与社会科学方法论2(2-9周)沙河主教107",马克思主义与社会,科学方法论2,(2-9周)
7,第九节,二,"再保险研究(2-9周)沙河西区203",再保险研究,(2-9周),沙河西区203
8,第九节,四,"高级风险管理(2-17周)沙河主教105",高级风险管理,(2-17周),沙河主教105
9,第九节,五,"保险理论与政策(2-17周)沙河主教307",保险理论与政策,(2-17周),沙河主教307
10,第十二节,一,"社会保障理论研究(2-17周)沙河主教208",社会保障理论研究,(2-17周),沙河主教208
11,第十二节,四,"二外日语2(2-17周)沙河西区302二外法语2(2-17周)沙河西区303二外俄语2(2-17周)沙河西区402",二外日语2(2-17周),沙河西区302,二外法语2(2-17周)
,节数,星期,课程信息,课程名称,时间范围,地点
0,第一节,三,"国际商务(2-17周)沙河学院楼3号楼221",国际商务,(2-17周),沙河学院楼3号楼
1,第一节,四,"国际贸易政策与实务(2-17周)沙河学院楼3号楼321",国际贸易政策与实务,(2-17周),沙河学院楼3号楼321
2,第一节,五,"商务与经济统计(2-17周)沙河学院楼6号楼302",商务与经济统计,(2-17周),沙河学院楼6号楼
3,第三节,一,"国际金融理论与实务(2-17周)沙河学院楼3号楼219",国际金融理论与实务,(2-17周),沙河学院楼3号楼219
4,第三节,二,"商务英语(2-17周)沙河学院楼3号楼323",商务英语,(2-17周),沙河学院楼3号
5,第三节,三,"国际风险管理(2-17周)沙河学院楼3号楼322",国际风险管理,(2-17周),沙河学院楼3号楼
6,第三节,四,"经济学分析与应用(2-17周)沙河学院楼3号楼221",经济学分析与应用,(2-17周),沙河学院楼3号楼221
7,第三节,五,"论文写作指导(2-9周)沙河主教215",论文写作指导,(2-9周),沙河主教215
8,第七节,一,"中国特色社会主义理论与实践研究3(2-17周)沙河西区101",中国特色社会主义理,论与实践研究3,(2-17周)
,节数,星期,课程信息,课程名称,时间范围,地点
0,第一节,三,"社区与社会治理心理学(2-17周)学院南路中财大厦三层案例教室6",社区与社会治理心理学,(2-17周),学院南路中财大厦
1,第一节,四,"领导力及其开发(2-17周)学院南路中财大厦三层案例教室6",领导力及其开发,(2-17周),学院南路中财大厦三层案例
2,第三节,一,"经济决策与财经素养(10-17周)学院南路中财大厦三层案例教室6",经济决策与财经素养,(10-17周),学院南路中财大厦
3,第三节,二,"健康管理与促进(2-17周)学院南路中财大厦三层案例教室6",健康管理与促进,(2-17周),学院南路中财大厦
4,第三节,三,"经济心理学(2-17周)学院南路中财大厦三层案例教室6",经济心理学,(2-17周),学院南路中财大厦
5,第三节,四,"社会心理学(2-17周)学院南路中财大厦三层案例教室6",社会心理学,(2-17周),学院南路中财大厦三层案例
6,第七节,二,"中国特色社会主义理论与实践研究9(2-17周)学院南路主教303",中国特色社会主义,理论与实践研究9,(2-17周)
7,第七节,四,"应用心理学前沿论坛(1)(2-17周)学院南路中财大厦三层案例教室6",应用心理学前沿论坛(1),(2-17周),学院南路中财大厦
8,第九节,二,"马克思主义与社会科学方法论9(2-9周)学院南路主教303",马克思主义与社会,科学方法论9,(2-9周)
9,第十二节,二,"论文与案例写作(2-17周)学院南路中财大厦三层案例教室6",论文与案例写作,(2-17周),学院南路中财大厦
10,第十二节,三,"工业与组织心理学(2-17周)学院南路中财大厦三层案例教室6",工业与组织心理学,(2-17周),学院南路中财大厦三层
,节数,星期,课程信息,课程名称,时间范围,地点
0,第一节,一,"社会工作伦理研究(2-17周)学院南路主教307",社会工作伦理研究,(2-17周),学院南路主教307
1,第一节,二,"社会政策研究(2-17周)学院南路中财大厦三层案例教室6",社会政策研究,(2-17周),学院南路中财大厦三层案
2,第一节,三,"金融社会工作(2-17周)学院南路主教415",金融社会工作,(2-17周),学院南路主教415
3,第一节,五,"社会工作理论研究(2-17周)学院南路主教207",社会工作理论研究,(2-17周),学院南路主教207
4,第三节,一,"社会研究方法(2-17周)学院南路中财大厦二层案例教室5",社会研究方法,(2-17周),学院南路中财大厦
5,第三节,二,"高级社会工作实务(上)个体、家庭与群体(2-17周)学院南路主教207",高级社会工作实务(上),个体、家庭与群体,(2-17周)
6,第三节,三,"公益金融(2-17周)学院南路主教109",公益金融,(2-17周),学院南路主教109
7,第七节,二,"中国特色社会主义理论与实践研究9(2-17周)学院南路主教303",中国特色社会主义理论与,实践研究9,(2-17周)
8,第七节,四,"社区问题与社区治理(2-17周)学院南路主教211",社区问题与社区,治理,(2-17周)
9,第七节,五,"金融教育(2-17周)学院南路主教101",金融教育,(2-17周),学院南路主教101
10,第九节,二,"马克思主义与社会科学方法论9(2-9周)学院南路主教303",马克思主义与社会科学,方法论9,(2-9周)
11,第九节,五,"金融与社会前沿论坛(上)(2-17周)学院南路主教101",金融与社会前沿论,坛(上),(2-17周)
12,第十二节,二,"金融社会学研究(2-17周)学院南路主教207",金融社会学研究,(2-17周),学院南路主教207
,节数,星期,课程信息,课程名称,时间范围,地点
0,第一节,一,"公共关系研究(2-17周)沙河学院楼3号楼322",公共关系研究,(2-17周),沙河学院楼3号楼
1,第一节,二,"财经场景研究(2-17周)沙河学院楼3号楼201",财经场景研究,(2-17周),沙河学院楼3号楼
2,第一节,三,"传播学研究(2-17周)沙河主教408",传播学研究,(2-17周),沙河主教408
3,第一节,四,"计算机高级应用2沙河西区303(第2周)沙河学院楼6号108(第3-17周)",计算机高级应用2,沙河西区303,(第2周)
4,第三节,一,"财经传播研究(2-17周)沙河学院楼3号楼322",财经传播研究,(2-17周),沙河学院楼3号楼
5,第三节,二,"英语1(2-17周)沙河西区502",英语1,(2-17周),沙河西区502
6,第三节,四,"西方人文社科经典原著选读1(2-17周)沙河西区102",西方人文社科经典,原著选读1,(2-17周)
7,第七节,一,"马克思主义与社会科学方法论3(2-9周)沙河西区102",马克思主义与社会,科学方法论3,(2-9周)
8,第七节,二,"新闻学研究(2-17周)沙河学院楼3号楼201",新闻学研究,(2-17周),沙河学院楼3号楼
9,第七节,三,"新媒体研究(2-17周)沙河学院楼3号楼201",新媒体研究,(2-17周),沙河学院楼3号楼
10,第九节,一,"中国特色社会主义理论与实践研究4(2-17周)沙河西区101",中国特色社会主义,理论与实践研究4,(2-17周)
11,第九节,二,"策略传播研究(2-17周)沙河主教409",策略传播研究,(2-17周),沙河主教409
12,第九节,三,"传播研究方法(2-17周)沙河主教213",传播研究方法,(2-17周),沙河主教213
13,第十二节,四,"二外日语2(2-17周)沙河西区302二外法语2(2-17周)沙河西区303二外俄语2(2-17周)沙河西区402",二外日语2(2-17周),沙河西区302,二外法语2(2-17周)
,节数,星期,课程信息,课程名称,时间范围,地点
0,第一节,二,"书法文献专题研究(2-17周)沙河大活107",书法文献专题研究,(2-17周),沙河大活107
1,第一节,四,"计算机高级应用2沙河西区303(第2周)沙河学院楼6号108(第3-17周)",计算机高级应用2,沙河西区303,(第2周)
2,第三节,二,"书法鉴藏文本专题研究(2-17周)沙河大活107",书法鉴藏文本专题研究,(2-17周),沙河大活107
3,第三节,三,"西方人文社科经典原著选读1(2-17周)沙河西区102",西方人文社科经典,原著选读1,(2-17周)
4,第七节,一,"马克思主义与社会科学方法论3(2-9周)沙河西区102",马克思主义与社会,科学方法论3,(2-9周)
5,第七节,五,"艺术法专题研究(2-17周)学院南路主教307",艺术法专题研究,(2-17周),学院南路主教307
6,第九节,一,"中国特色社会主义理论与实践研究4(2-17周)沙河西区101",中国特色社会主义,理论与实践研究4,(2-17周)
7,第九节,二,"书法鉴藏史专题研究(2-17周)沙河大活107",书法鉴藏史专题研究,(2-17周),沙河大活107
8,第九节,四,"文化产业管理研究(2-17周)沙河大活107",文化产业管理研究,(2-17周),沙河大活107
9,第九节,五,"艺术理论专题研究(2-13周)学院南路学术会堂103",艺术理论专题研究,(2-13周),学院南路学术会堂
10,第十二节,四,"二外日语2(2-17周)沙河西区302二外法语2(2-17周)沙河西区303二外俄语2(2-17周)沙河西区402",二外日语2(2-17周),沙河西区302,二外法语2(2-17周)
,节数,星期,课程信息,课程名称,时间范围,地点
0,第一节,一,"口译理论与实践(2-17周)沙河学院楼3号楼321",口译理论与实践,(2-17周),沙河学院楼3号楼321
1,第一节,二,"财经文献译读(2-17周)沙河学院楼3号楼218",财经文献译读,(2-17周),沙河学院楼3号楼
2,第一节,三,"中西文化比较(2-17周)沙河学院楼2号楼302",中西文化比较,(2-17周),沙河学院楼2号楼
3,第三节,二,"技术辅助翻译(2-17周)沙河主教207",技术辅助翻译,(2-17周),沙河主教207
4,第三节,三,"笔译理论与实践(2-17周)沙河学院楼2号楼302",笔译理论与实践,(2-17周),沙河学院楼2号楼
5,第七节,一,"中国特色社会主义理论与实践研究3(2-17周)沙河西区101",中国特色社会主义理论,与实践研究3,(2-17周)
6,第七节,三,"国际金融(英)(2-17周)沙河学院楼3号楼321",国际金融(英),(2-17周),沙河学院楼3号楼
7,第七节,四,"财经新闻文本翻译(2-17周)沙河学院楼3号楼217",财经新闻文本翻译,(2-17周),沙河学院楼3号楼
8,第七节,五,"汉语修辞与写作(2-17周)沙河学院楼3号楼217",汉语修辞与写作,(2-17周),沙河学院楼3号楼
9,第九节,二,"中国语言文化概论(2-17周)沙河主教303",中国语言文化概论,(2-17周),沙河主教303
,节数,星期,课程信息,课程名称,时间范围,地点
0,第一节,一,"课堂教学案例分析与实践(2-17周)学院南路中财大厦三层案例教室8",课堂教学案例分析,与实践,(2-17周)
1,第一节,二,"高级汉语(2-17周)学院南路主教301",高级汉语,(2-17周),学院南路主教301
2,第一节,三,"汉语语言学(2-17周)学院南路中财大厦三层案例教室8",汉语语言学,(2-17周),学院南路中财大厦
3,第一节,四,"计算机高级应用3学院南路主教303(第2周)学院南路实验楼404(第3-17周)",计算机高级应用3,学院南路主教303,(第2周)
4,第三节,一,"汉语课堂教学法(2-17周)学院南路中财大厦三层案例教室8",汉语课堂教学法,(2-17周),学院南路中财大厦
5,第三节,二,"中华文化与传播(2-17周)学院南路中财大厦三层案例教室8",中华文化与传播,(2-17周),学院南路中财大厦
6,第三节,三,"对外汉语教学语法概要(2-17周)学院南路中财大厦三层案例教室8",对外汉语教学语法,概要,(2-17周)
7,第三节,四,"汉语要素教学与技能教学(2-17周)学院南路中财大厦三层案例教室7",汉语要素教学与技能,教学,(2-17周)
8,第三节,五,"西方人文社科经典原著选读2(2-17周)学院南路主教103",西方人文社科经典,原著选读2,(2-17周)
9,第七节,一,"马克思主义与社会科学方法论6(2-9周)学院南路主教403",马克思主义与社会,科学方法论6,(2-9周)
10,第七节,四,"高级汉语(2-17周)学院南路主教404",高级汉语,(2-17周),学院南路主教404
11,第九节,一,"中国特色社会主义理论与实践研究6(2-17周)学院南路主教303",中国特色社会主义,理论与实践研究6,(2-17周)
12,第九节,三,"中华文化才艺与展示(2-9周)学院南路中财大厦三层案例教室11",中华文化才艺与展,示,(2-9周)
13,第九节,四,"中外文化比较与交流专题(2-17周)学院南路中财大厦三层案例教室8",中外文化比较与交流,专题,(2-17周)
14,第十二节,五,"二外日语1(2-17周)学院南路主教419二外法语1(2-17周)",二外日语1(2-17周),学院南路主教419,二外法语1(2-17周)
,节数,星期,课程信息,课程名称,时间范围,地点
0,第三节,二,"公司财务管理(2-17周)学院南路主教217",公司财务管理,(2-17周),学院南路主教217
1,第三节,三,"回归分析与应用(2-17周)学院南路主教509",回归分析与应用,(2-17周),学院南路主教509
2,第三节,四,"大数据与金融实证分析(2-17周)学院南路主教321",大数据与金融实证,分析,(2-17周)
3,第三节,五,"金融衍生工具及其应用(2-17周)学院南路主教210",金融衍生工具及其,应用,(2-17周)
4,第七节,一,"马克思主义与社会科学方法论6(2-9周)学院南路主教403",马克思主义与社会,科学方法论6,(2-9周)
5,第七节,四,"行为金融与财富管理(2-17周)学院南路主教403",行为金融与财富管,理,(2-17周)
6,第七节,五,"金融行业系列讲座(2-9周)学院南路主教313",金融行业系列讲座,(2-9周),学院南路主教313
7,第九节,一,"中国特色社会主义理论与实践研究6(2-17周)学院南路主教303",中国特色社会主义,理论与实践研究6,(2-17周)
8,第九节,二,"统计套利与风险管理(2-17周)学院南路主教212",统计套利与风险管,理,(2-17周)
9,第九节,三,"国际金融与跨国投资(2-17周)学院南路主教217",国际金融与跨国投,资,(2-17周)
10,第九节,四,"资产定价与投资管理(2-17周)学院南路主教406",资产定价与投资管,理,(2-17周)
,节数,星期,课程信息,课程名称,时间范围,地点
0,第一节,二,"英语2(2-17周)学院南路主教110",英语2,(2-17周),学院南路主教110
1,第三节,一,"管理研究方法基础(2-12周)学院南路主教511",管理研究方法基础,(2-12周),学院南路主教511
2,第三节,三,"高级微观经济学C5(2-17周)学院南路主教409",高级微观经济学C5,(2-17周),学院南路主教409
3,第三节,四,"马克思主语与当代2(2-17周)学院南路主教303",马克思主语与当代2,(2-17周),学院南路主教303
4,第三节,五,"实证微观金融理论与方法(双语)(2-12周)学院南路主教315",实证微观金融理论,与方法(双语),(2-12周)
5,第九节,一,"国际经济学(2-17周)学院南路主教109",国际经济学,(2-17周),学院南路主教109
6,第九节,三,"管理学专业英语文献(双语)(2-12周)学院南路主教109",管理学专业英语文献,(双语),(2-12周)
7,第十二节,五,"二外日语1(2-17周)学院南路主教419二外法语1(2-17周)学院南路主教403二外俄语1(2-17周)学院南路主教206",二外日语1(2-17周),学院南路主教419,二外法语1(2-17周)
,节数,星期,课程信息,课程名称,时间范围,地点
0,第一节,二,"英语2(2-17周)学院南路主教110",英语2,(2-17周),学院南路主教110
1,第三节,一,"管理研究方法基础(2-12周)学院南路主教511",管理研究方法基础,(2-12周),学院南路主教511
2,第三节,三,"高级微观经济学C5(2-17周)学院南路主教409",高级微观经济学C5,(2-17周),学院南路主教409
3,第三节,四,"马克思主语与当代2(2-17周)学院南路主教303",马克思主语与当代2,(2-17周),学院南路主教303
4,第九节,三,"管理学专业英语文献(双语)(2-12周)学院南路主教109",管理学专业英语文,献(双语),(2-12周)
5,第十二节,五,"二外日语1(2-17周)学院南路主教419二外法语1(2-17周)学院南路主教403二外俄语1(2-17周)学院南路主教206",二外日语1(2-17周),学院南路主教419,二外法语1(2-17周)
,节数,星期,课程信息,课程名称,时间范围,地点
0,第一节,二,"城市与房地产专题研究(2-17周)沙河学院学院楼4号楼318",城市与房地产专题,研究,(2-17周)
1,第三节,一,"投资与经济专题研究(2-17周)沙河学院学院楼4号楼318",投资与经济专题研,究,(2-17周)
2,第三节,二,"英语1(2-17周)沙河西区502",英语1,(2-17周),沙河西区502
3,第三节,三,"高级微观经济学C3(2-17周)沙河西区502",高级微观经济学C3,(2-17周),沙河西区502
4,第三节,四,"马克思主义与当代1(2-17周)沙河西区101",马克思主义与当代1,(2-17周),沙河西区101
5,第三节,五,"专业英语(2-17周)沙河主教309",专业英语,(2-17周),沙河主教309
6,第七节,一,"经济学与管理学前沿问题研究(2-17周)沙河学院学院楼4号楼320",经济学与管理学前,沿问题研究,(2-17周)
7,第七节,二,"项目管理理论前沿(2-17周)沙河学院学院楼4号楼318",项目管理理论前沿,(2-17周),沙河学院学院楼4号
8,第十二节,三,"高级公司财务理论(2-17周)沙河主教305",高级公司财务理论,(2-17周),沙河主教305
9,第十二节,四,"二外日语2(2-17周)沙河西区302二外法语2(2-17周)沙河西区303二外俄语2(2-17周)沙河西区402",二外日语2(2-17周),沙河西区302,二外法语2(2-17周)
,节数,星期,课程信息,课程名称,时间范围,地点
0,第一节,二,"Investments(2-17周)学院南路主教109",Investments,(2-17周),学院南路主教109
1,第三节,二,"AdvancedEconometrics(2-17周)学院南路主教417",Advanced,Econometrics,(2-17周)
2,第三节,三,"高级微观经济学C3(2-17周)沙河西区502",高级微观经济学C3,(2-17周),沙河西区502
3,第三节,四,"CorporateFinancialManagement(2-17周)学院南路主教115",Corporate,Financial,Management
4,第三节,五,"专业英语(2-17周)沙河主教309",专业英语,(2-17周),沙河主教309
5,第七节,一,"经济学与管理学前沿问题研究(2-17周)沙河学院学院楼4号楼320",经济学与管理学前,沿问题研究,(2-17周)
6,第七节,二,"项目管理理论前沿(2-17周)沙河学院学院楼4号楼318",项目管理理论前沿,(2-17周),沙河学院学院楼4号
7,第七节,五,"Introduction toProjectManagement(2-17周)学院南路主教209",Introduction to,Project,Management
8,第九节,一,"AdvancedMacroeconomics(2-17周)学院南路主教101",Advanced,Macroeconomics,(2-17周)
,节数,星期,课程信息,课程名称,时间范围,地点
0,第一节,二,"英语2(2-17周)学院南路主教110",英语2,(2-17周),学院南路主教110
1,第三节,三,"高级微观经济学C5(2-17周)学院南路主教409",高级微观经济学C5,(2-17周),学院南路主教409
2,第三节,四,"马克思主语与当代2(2-17周)学院南路主教303",马克思主语与当代2,(2-17周),学院南路主教303
3,第三节,五,"公共管理前沿问题研究(2-17周)学院南路中财大厦三层案例教室8",公共管理前沿问题,研究,(2-17周)
4,第九节,四,"公共部门战略管理(2-17周)学院南路中财大厦二层案例教室5",公共部门战略管理,(2-17周),学院南路中财大厦
5,第十二节,五,"二外日语1(2-17周)学院南路主教419二外法语1(2-17周)学院南路主教403二外俄语1(2-17周)学院南路主教206",二外日语1(2-17周),学院南路主教419,二外法语1(2-17周)
,节数,星期,课程信息,课程名称,时间范围,地点
0,第一节,二,"英语2(2-17周)学院南路主教110",英语2,(2-17周),学院南路主教110
1,第三节,三,"高级微观经济学C5(2-17周)学院南路主教409",高级微观经济学C5,(2-17周),学院南路主教409
2,第三节,四,"中国马克思主义与当代2(2-17周)学院南路主教303",中国马克思主义与当,代2,(2-17周)
3,第十二节,五,"二外日语1(2-17周)学院南路主教419二外法语1(2-17周)学院南路主教403二外俄语1(2-17周)学院南路主教206",二外日语1(2-17周),学院南路主教419,二外法语1(2-17周)
,节数,星期,课程信息,课程名称,时间范围,地点
0,第一节,二,"英语2(2-17周)学院南路主教110",英语2,(2-17周),学院南路主教110
1,第二节,四,"高级国防经济学(2-17周)学院南路中财大厦914",高级国防经济学,(2-17周),学院南路中财大厦
2,第三节,一,"战略、安全与国防专题(2-17周)学院南路中财大厦914",战略、安全与国防,专题,(2-17周)
3,第三节,三,"高级微观经济学C5(2-17周)学院南路主教409",高级微观经济学C5,(2-17周),学院南路主教409
4,第三节,四,"中国马克思主义与当代2(2-17周)学院南路主教303",中国马克思主义与,当代2,(2-17周)
5,第七节,五,"国防经济学前沿与方法(学术论文写作)(2-17周)学院南路中财大厦914",国防经济学前沿与,方法(学术论文写,作)
,节数,星期,课程信息,课程名称,时间范围,地点
0,第一节,二,"英语2(2-17周)学院南路主教110",英语2,(2-17周),学院南路主教110
1,第三节,四,"中国马克思主义与当代2(2-17周)学院南路主教303",中国马克思主义与,当代2,(2-17周)
2,第三节,五,"高级微观经济学(上)(2-17周)学院南路主教204",高级微观经济学,(上),(2-17周)
3,第七节,二,"高级宏观经济学(上)(2-17周)学院南路主教204",高级宏观经济学,(上),(2-17周)
4,第七节,四,"高级宏观经济学(上)(2-17周)双周学院南路主教406高级计量经济学(2-17周)单周学院南路主教203",高级宏观经济学,(上),(2-17周)双周
5,第七节,五,"高级计量经济学(2-17周)学院南路主教311",高级计量经济学,(2-17周),学院南路主教311
,节数,星期,课程信息,课程名称,时间范围,地点
0,第一节,二,"英语2(2-17周)学院南路主教110",英语2,(2-17周),学院南路主教110
1,第三节,四,"中国马克思主义与当代2(2-17周)学院南路主教303",中国马克思主义与,当代2,(2-17周)
2,第三节,五,"高级微观经济学(上)(2-17周)学院南路主教204",高级微观经济学,(上),(2-17周)
3,第七节,二,"高级宏观经济学(上)(2-17周)学院南路主教204",高级宏观经济学,(上),(2-17周)
4,第七节,四,"高级宏观经济学(上)(2-17周)双周学院南路主教406高级计量经济学(2-17周)单周学院南路主教203",高级宏观经济学,(上),(2-17周)双周
5,第七节,五,"高级计量经济学(2-17周)学院南路主教311",高级计量经济学,(2-17周),学院南路主教311
,节数,星期,课程信息,课程名称,时间范围,地点
0,第一节,二,"英语2(2-17周)学院南路主教110",英语2,(2-17周),学院南路主教110
1,第三节,四,"中国马克思主义与当代2(2-17周)学院南路主教303",中国马克思主义与,当代2,(2-17周)
2,第三节,五,"高级微观经济学(上)(2-17周)学院南路主教204",高级微观经济学,(上),(2-17周)
3,第七节,二,"高级宏观经济学(上)(2-17周)学院南路主教204",高级宏观经济学,(上),(2-17周)
4,第七节,四,"高级宏观经济学(上)(2-17周)双周学院南路主教406高级计量经济学(2-17周)单周学院南路主教203",高级宏观经济学,(上),(2-17周)双周
5,第七节,五,"高级计量经济学(2-17周)学院南路主教311",高级计量经济学,(2-17周),学院南路主教311
6,第九节,四,"投资学(2-17周)学院南路主教406",投资学,(2-17周),学院南路主教406
,节数,星期,课程信息,课程名称,时间范围,地点
0,第一节,二,"英语2(2-17周)学院南路主教110",英语2,(2-17周),学院南路主教110
1,第三节,三,"高级计量经济学C(2-17周)学院南路主教204",高级计量经济学C,(2-17周),学院南路主教204
2,第三节,四,"马克思主语与当代2(2-17周)学院南路主教303",马克思主语与当代2,(2-17周),学院南路主教303
3,第九节,二,"高级宏观经济学B(上)2-17周 学院南路主教310",高级宏观经济学B,(上)2-17周 学院,南路主教310
4,第十一节,二,"高级微观经济学B(上)(2-17周)学院南路主教203",高级微观经济学B,(上),(2-17周)
5,第十二节,四,"二外日语1(2-17周)学院南路主教419二外法语1(2-17周)",二外日语1(2-17周),学院南路主教419,二外法语1(2-17周)
,节数,星期,课程信息,课程名称,时间范围,地点
0,第一节,二,"英语2(2-17周)学院南路主教110",英语2,(2-17周),学院南路主教110
1,第三节,三,"高级计量经济学C(2-17周)学院南路主教204",高级计量经济学C,(2-17周),学院南路主教204
2,第三节,四,"马克思主语与当代2(2-17周)学院南路主教303",马克思主语与当代2,(2-17周),学院南路主教303
3,第九节,二,"高级宏观经济学B(上)(2-17周)学院南路主教310",高级宏观经济学B,(上),(2-17周)
4,第十一节,二,"高级微观经济学B(上)(2-17周)学院南路主教203",高级微观经济学B,(上),(2-17周)
5,第十二节,四,"二外日语1(2-17周)学院南路主教419二外法语1(2-17周)学院南路主教403二外俄语1(2-17周)学院南路主教206",二外日语1(2-17周),学院南路主教419,二外法语1(2-17周)
,节数,星期,课程信息,课程名称,时间范围,地点
0,第一节,一,"大数据财税(2-17周)沙河主教213",大数据财税,(2-17周),沙河主教213
1,第一节,二,"英语A1(2-17周)沙河西区505",英语A1,(2-17周),沙河西区505
2,第三节,二,"税收理论与政策(2-17周)沙河主教406",税收理论与政策,(2-17周),沙河主教406
3,第七节,二,"比较税制研究(2-17周)沙河西区101",比较税制研究,(2-17周),沙河西区101
4,第七节,五,"国有资产管理与评估(2-17周)沙河主教306",国有资产管理与评估,(2-17周),沙河主教306
5,第九节,五,"财政理论研究(2-17周)沙河主教304",财政理论研究,(2-17周),沙河主教304
6,第十二节,一,"税务会计(2-17周)沙河主教210",税务会计,(2-17周),沙河主教210
7,第十二节,四,"二外日语2(2-17周)沙河西区302二外法语2(2-17周)沙河西区303二外俄语2(2-17周)沙河西区402",二外日语2(2-17周),沙河西区302,二外法语2(2-17周)
,节数,星期,课程信息,课程名称,时间范围,地点
0,第一节,一,"大数据财税(2-17周)沙河主教213",大数据财税,(2-17周),沙河主教213
1,第一节,二,"英语A1(2-17周)沙河西区505",英语A1,(2-17周),沙河西区505
2,第三节,二,"税收理论与政策(2-17周)沙河主教406",税收理论与政策,(2-17周),沙河主教406
3,第三节,五,"税收经济学(2-17周)沙河主教306",税收经济学,(2-17周),沙河主教306
4,第七节,二,"比较税制研究(2-17周)沙河西区101",比较税制研究,(2-17周),沙河西区101
5,第九节,五,"财政理论研究(2-17周)沙河主教304",财政理论研究,(2-17周),沙河主教304
6,第十二节,一,"税务会计(2-17周)沙河主教210",税务会计,(2-17周),沙河主教210
7,第十二节,四,"二外日语2(2-17周)沙河西区302二外法语2(2-17周)沙河西区303二外俄语2(2-17周)沙河西区402",二外日语2(2-17周),沙河西区302,二外法语2(2-17周)
,节数,星期,课程信息,课程名称,时间范围,地点
0,第一节,三,"最优化理论(2-17周双周上)沙河主教405",最优化理论,(2-17周双周上),沙河主教405
1,第一节,五,"最优化理论(2-17周)沙河主教405",最优化理论,(2-17周),沙河主教405
2,第四节,三,"高级微观经济学C3(2-17周)沙河西区502",高级微观经济学C3,(2-17周),沙河西区502
3,第七节,二,"英语A6(2-17周)沙河主教104",英语A6,(2-17周),沙河主教104
4,第九节,一,"统计计算(2-17周)沙河主教104",统计计算,(2-17周),沙河主教104
,节数,星期,课程信息,课程名称,时间范围,地点
0,第四节,三,"高级微观经济学C3(2-17周)沙河西区502",高级微观经济学C3,(2-17周),沙河西区502
1,第七节,二,"英语A6(2-17周)沙河主教104",英语A6,(2-17周),沙河主教104
2,第九节,一,"马克思科学方法论4(9-10节)(2-17周)沙河西区102统计计算(9-11节)(2-17周)沙河主教104",马克思科学方法论4,(9-10节)(2-17周),沙河西区102
3,第十二节,四,"二外日语2(2-17周)沙河西区302二外法语2(2-17周)沙河西区303二外俄语2(2-17周)沙河西区402",二外日语2(2-17周),沙河西区302,二外法语2(2-17周)
,节数,星期,课程信息,课程名称,时间范围,地点
0,第一节,三,"最优化理论(2-17周双周上)沙河主教405",最优化理论,(2-17周双周上),沙河主教405
1,第一节,五,"最优化理论(2-17周)沙河主教405",最优化理论,(2-17周),沙河主教405
2,第四节,三,"高级微观经济学C3(2-17周)沙河西区502",高级微观经济学C3,(2-17周),沙河西区502
3,第七节,二,"英语A6(2-17周)沙河主教104",英语A6,(2-17周),沙河主教104
4,第九节,一,"统计计算(2-17周)沙河主教104",统计计算,(2-17周),沙河主教104
,节数,星期,课程信息,课程名称,时间范围,地点
0,第一节,三,"最优化理论(2-17周双周上)沙河主教405",最优化理论,(2-17周双周上),沙河主教405
1,第一节,五,"最优化理论(2-17周)沙河主教405",最优化理论,(2-17周),沙河主教405
2,第四节,三,"高级微观经济学C3(2-17周)沙河西区502",高级微观经济学C3,(2-17周),沙河西区502
3,第七节,二,"英语A6(2-17周)沙河主教104",英语A6,(2-17周),沙河主教104
4,第九节,一,"马克思科学方法论4(9-10节)(2-17周)沙河西区102统计计算(9-11节)(2-17周)沙河主教104",马克思科学方法论4,(9-10节)(2-17周),沙河西区102
5,第十二节,四,"二外日语2(2-17周)沙河西区302二外法语2(2-17周)沙河西区303二外俄语2(2-17周)沙河西区402",二外日语2(2-17周),沙河西区302,二外法语2(2-17周)
,节数,星期,课程信息,课程名称,时间范围,地点
0,第三节,一,"高级微观经济学B(上)(2-17周)沙河西区304",高级微观经济学B,(上),(2-17周)
1,第三节,三,"高级宏观经济学B(上)(2-17周)沙河西区503",高级宏观经济学B,(上),(2-17周)
2,第三节,五,"实证研究方法孙伟增(2-17周)沙河主教104",实证研究方法,孙伟增,(2-17周)
,节数,星期,课程信息,课程名称,时间范围,地点
0,第一节,一,"公司治理(2-17周)沙河主教308",公司治理,(2-17周),沙河主教308
1,第一节,二,"房地产经济学(2-17周)沙河主教405",房地产经济学,(2-17周),沙河主教405
2,第一节,三,"期权、期货及衍生证券(2-17周)沙河主教406",期权、期货及衍生,证券,(2-17周)
3,第一节,五,"项目融资研究(2-17周)沙河主教105",项目融资研究,(2-17周),沙河主教105
4,第三节,二,"英语A5(2-17周)沙河主教104",英语A5,(2-17周),沙河主教104
5,第三节,三,"高级微观经济学C3(2-17周)沙河西区502",高级微观经济学C3,(2-17周),沙河西区502
6,第三节,五,"专业英语(2-17周)沙河主教309",专业英语,(2-17周),沙河主教309
7,第七节,二,"投资学(2-17周)沙河主教309",投资学,(2-17周),沙河主教309
8,第七节,五,"博弈论与信息经济学(2-17周)沙河主教105",博弈论与信息经济,学,(2-17周)
9,第九节,二,"风险投资(2-17周)沙河主教104",风险投资,(2-17周),沙河主教104
10,第十二节,三,"高级公司财务理论(2-17周)沙河主教305",高级公司财务理论,(2-17周),沙河主教305
11,第十二节,四,"二外日语2(2-17周)沙河西区302二外法语2(2-17周)沙河西区303二外俄语2(2-17周)沙河西区402",二外日语2(2-17周),沙河西区302,二外法语2(2-17周)
,节数,星期,课程信息,课程名称,时间范围,地点
0,第一节,二,"英语A7(2-17周)学院南路主教319",英语A7,(2-17周),学院南路主教319
1,第十二节,五,"二外日语1(2-17周)学院南路主教419二外法语1(2-17周)",二外日语1(2-17周),学院南路主教419,二外法语1(2-17周)
,节数,星期,课程信息,课程名称,时间范围,地点
0,第三节,一,"经济学中的优化方法(2-17周)学院南路主教406",经济学中的优化方,法,(2-17周)
1,第三节,二,"英语A8(2-17周)学院南路主教319",英语A8,(2-17周),学院南路主教319
2,第三节,四,"中国马克思主义与当代2(2-17周)学院南路主教303",中国马克思主义与,当代2,(2-17周)
3,第三节,五,"高级微观经济学(上)(2-17周)学院南路主教204",高级微观经济学,(上),(2-17周)
4,第七节,二,"高级宏观经济学(上)(2-17周)学院南路主教204",高级宏观经济学,(上),(2-17周)
5,第七节,四,"高级宏观经济学(上)(2-17周)双周学院南路主教406高级计量经济学(2-17周)单周学院南路主教203",高级宏观经济学,(上),(2-17周)双周
6,第七节,五,"高级计量经济学(2-17周)学院南路主教311",高级计量经济学,(2-17周),学院南路主教311
,节数,星期,课程信息,课程名称,时间范围,地点
0,第三节,二,"英语A8(2-17周)学院南路主教319",英语A8,(2-17周),学院南路主教319
1,第三节,五,"高级微观经济学(上)(2-17周)学院南路主教204",高级微观经济学,(上),(2-17周)
2,第七节,一,"马克思主义与社会科学方法论6(2-9周)学院南路主教403",马克思主义与社会科,学方法论6,(2-9周)
3,第七节,二,"高级宏观经济学(上)(2-17周)学院南路主教204",高级宏观经济学,(上),(2-17周)
4,第七节,四,"高级宏观经济学(上)(2-17周)双周学院南路主教406高级计量经济学(2-17周)单周学院南路主教203",高级宏观经济学,(上),(2-17周)双周
5,第七节,五,"高级计量经济学(2-17周)学院南路主教311",高级计量经济学,(2-17周),学院南路主教311
6,第九节,四,"投资学(2-17周)学院南路主教406",投资学,(2-17周),学院南路主教406
7,第九节,五,"金融学术讨论课(上)学院南路主教201",金融学术讨论课,(上),学院南路主教201
8,第十二节,五,"二外日语1(2-17周)学院南路主教419二外法语1(2-17周)学院南路主教403二外俄语1(2-17周)学院南路主教206",二外日语1(2-17周),学院南路主教419,二外法语1(2-17周)
,节数,星期,课程信息,课程名称,时间范围,地点
0,第一节,三,"Investment(1-16周)学院南路主教511",Investment,(1-16周),学院南路主教511
1,第三节,一,"China's Economyand Finance(6-8周)学院南路主教509",China's Economy,and Finance,(6-8周)
2,第三节,二,"China's Economyand Finance(5-8周)学院南路主教409",China's Economy,and Finance,(5-8周)
3,第三节,三,"FinancialAnalysis(1-16周)学院南路主教511",Financial,Analysis,(1-16周)
4,第三节,四,"China's Economyand Finance(5-8周)第8周上3-4节学院南路主教404",China's Economy,and Finance,(5-8周)
5,第三节,五,"FinancialDerivatives(1-16周)学院南路主教310",Financial,Derivatives,(1-16周)
6,第七节,一,"EmpiricalMethods inFinance(1-16周)学院南路主教304",Empirical,Methods in,Finance
,节数,星期,课程信息,课程名称,时间范围,地点
0,第七节,四,"量化投资与金融资产配置1(2-17周)沙河主教502",量化投资与金融资,产配置1,(2-17周)
,节数,星期,课程信息,课程名称,时间范围,地点
0,第一节,三,"统计调查1(2-17周)沙河学院楼6号楼108",统计调查1,(2-17周),沙河学院楼6号楼
1,第一节,五,"投入产出分析1(2-17周)沙河主教503(5、9、12、14、16、17周实验课)沙河学院楼4号楼102",投入产出分析1,(2-17周),沙河主教503
2,第九节,一,"随机过程1(2-17周)沙河主教501",随机过程1,(2-17周),沙河主教501
,节数,星期,课程信息,课程名称,时间范围,地点
0,第一节,三,"统计调查1(2-17周)沙河学院楼6号楼108",统计调查1,(2-17周),沙河学院楼6号楼
1,第一节,五,"投入产出分析1(2-17周)沙河主教503(5、9、12、14、16、17周实验课)沙河学院楼4号楼102",投入产出分析1,(2-17周),沙河主教503
2,第九节,一,"随机过程1(2-17周)沙河主教501",随机过程1,(2-17周),沙河主教501
,节数,星期,课程信息,课程名称,时间范围,地点
0,第一节,二,"博弈论与信息经济学(1-16周)沙河西区402",博弈论与信息经济,学,(1-16周)
1,第一节,三,"产业组织理论(1-16周)沙河西区402",产业组织理论,(1-16周),沙河西区402
2,第一节,四,"计算机高级应用1沙河西区302(第2周)沙河学院楼6号111(第3-17周)",计算机高级应用1,沙河西区302,(第2周)
3,第三节,一,"专业英语(1-16周)沙河主教508",专业英语,(1-16周),沙河主教508
4,第三节,四,"西方人文社科经典原著选读1(2-17周)沙河西区102",西方人文社科经典原著选,读1,(2-17周)
5,第三节,五,"制度经济学研究(1-16周)沙河西区302",制度经济学研究,(1-16周),沙河西区302
6,第七节,一,"马克思主义与社会科学方法论1(2-9周)沙河主教107",马克思主义与社会,科学方法论1,(2-9周)
7,第九节,一,"公共财政与公共选择(1-16周)沙河学院楼3号楼221",公共财政与公共选,择,(1-16周)
8,第九节,二,"经济史、经济思想史专题(1-16周)沙河学院楼6号楼106",经济史、经济思想,史专题,(1-16周)
9,第十二节,四,"二外日语2(2-17周)沙河西区302二外法语2(2-17周)沙河西区303二外俄语2(2-17周)沙河西区402",二外日语2(2-17周),沙河西区302,二外法语2(2-17周)
,节数,星期,课程信息,课程名称,时间范围,地点
0,第一节,二,"博弈论与信息经济学(1-16周)沙河西区402",博弈论与信息经济,学,(1-16周)
1,第一节,三,"产业组织理论(1-16周)沙河西区402",产业组织理论,(1-16周),沙河西区402
2,第一节,四,"计算机高级应用1沙河西区302(第2周)沙河学院楼6号111(第3-17周)",计算机高级应用1,沙河西区302,(第2周)
3,第三节,一,"专业英语(1-16周)沙河主教508",专业英语,(1-16周),沙河主教508
4,第三节,二,"外国经济思想史(1-16周)沙河学院楼4号楼110",外国经济思想史,(1-16周),沙河学院楼4号楼
5,第三节,四,"西方人文社科经典原著选读1(2-17周)沙河西区102",西方人文社科经典,原著选读1,(2-17周)
6,第三节,五,"中国经济史专题研究(1-16周)沙河学院楼3号楼122",中国经济史专题研,究,(1-16周)
7,第七节,一,"马克思主义与社会科学方法论1(2-9周)沙河主教107",马克思主义与社会,科学方法论1,(2-9周)
8,第七节,二,"外国经济史专题研究(1-16周)沙河学院楼3号楼217",外国经济史专题研,究,(1-16周)
9,第七节,五,"经济史理论(1-16周)沙河学院楼3号楼221",经济史理论,(1-16周),沙河学院楼3号楼
10,第九节,四,"经济学经典著作选读(1-16周)沙河学院楼3号楼122",经济学经典著作选,读,(1-16周)
11,第九节,五,"中国经济思想史(2-17周)沙河学院楼3号楼122",中国经济思想史,(2-17周),沙河学院楼3号楼
12,第十二节,四,"二外日语2(2-17周)沙河西区302二外法语2(2-17周)沙河西区303二外俄语2(2-17周)沙河西区402",二外日语2(2-17周),沙河西区302,二外法语2(2-17周)
,节数,星期,课程信息,课程名称,时间范围,地点
0,第一节,二,"博弈论与信息经济学(1-16周)沙河西区402",博弈论与信息经济,学,(1-16周)
1,第一节,三,"产业组织理论(1-16周)沙河西区402",产业组织理论,(1-16周),沙河西区402
2,第一节,四,"计算机高级应用1沙河西区302(第2周)沙河学院楼6号111(第3-17周)",计算机高级应用1,沙河西区302,(第2周)
3,第三节,一,"专业英语(1-16周)沙河主教508",专业英语,(1-16周),沙河主教508
4,第三节,四,"西方人文社科经典原著选读1(2-17周)沙河西区102",西方人文社科经典,原著选读1,(2-17周)
5,第三节,五,"中国经济史专题研究(1-16周)沙河学院楼3号楼122",中国经济史专题研究,(1-16周),沙河学院楼3号楼122
6,第七节,一,"马克思主义与社会科学方法论1(2-9周)沙河主教107",马克思主义与社会,科学方法论1,(2-9周)
7,第七节,二,"马克思主义经济思想史(1-16周)沙河学院楼4号楼110",马克思主义经济思,想史,(1-16周)
8,第七节,五,"当代西方经济学流派(1-16周)沙河学院楼4号楼110",当代西方经济学流派,(1-16周),沙河学院楼4号楼110
9,第九节,五,"中国经济思想史(2-17周)沙河学院楼3号楼122",中国经济思想史,(2-17周),沙河学院楼3号楼122
10,第十二节,四,"二外日语2(2-17周)沙河西区302二外法语2(2-17周)沙河西区303二外俄语2(2-17周)沙河西区402",二外日语2(2-17周),沙河西区302,二外法语2(2-17周)
,节数,星期,课程信息,课程名称,时间范围,地点
0,第一节,二,"博弈论与信息经济学(1-16周)沙河西区402",博弈论与信息经济,学,(1-16周)
1,第一节,三,"产业组织理论(1-16周)沙河西区402",产业组织理论,(1-16周),沙河西区402
2,第一节,四,"计算机高级应用1沙河西区302(第2周)沙河学院楼6号111(第3-17周)",计算机高级应用1,沙河西区302,(第2周)
3,第三节,一,"专业英语(1-16周)沙河主教508",专业英语,(1-16周),沙河主教508
4,第三节,二,"经济学理论前沿与中国经济(1-16周)沙河主教308",经济学理论前沿与,中国经济,(1-16周)
5,第三节,四,"西方人文社科经典原著选读1(2-17周)沙河西区102",西方人文社科经典,原著选读1,(2-17周)
6,第三节,五,"制度经济学研究(1-16周)沙河西区302",制度经济学研究,(1-16周),沙河西区302
7,第七节,一,"马克思主义与社会科学方法论1(2-9周)沙河主教107",马克思主义与社会,科学方法论1,(2-9周)
8,第七节,二,"人口经济学(1-16周)沙河学院楼3号楼221",人口经济学,(1-16周),沙河学院楼3号楼
9,第九节,二,"经济史、经济思想史专题(1-16周)沙河学院楼6号楼106",经济史、经济思想,史专题,(1-16周)
10,第九节,四,"劳动经济学研究(1-16周)沙河学院楼3号楼123",劳动经济学研究,(1-16周),沙河学院楼3号楼
11,第九节,五,"环境经济学(1-16周)沙河学院楼3号楼219",环境经济学,(1-16周),沙河学院楼3号楼
12,第十二节,四,"二外日语2(2-17周)沙河西区302二外法语2(2-17周)沙河西区303二外俄语2(2-17周)沙河西区402",二外日语2(2-17周),沙河西区302,二外法语2(2-17周)
,节数,星期,课程信息,课程名称,时间范围,地点
0,第一节,二,"博弈论与信息经济学(1-16周)沙河西区402",博弈论与信息经济,学,(1-16周)
1,第一节,三,"产业组织理论(1-16周)沙河西区402",产业组织理论,(1-16周),沙河西区402
2,第一节,四,"计算机高级应用1沙河西区302(第2周)沙河学院楼6号111(第3-17周)",计算机高级应用1,沙河西区302,(第2周)
3,第三节,一,"专业英语(1-16周)沙河主教508",专业英语,(1-16周),沙河主教508
4,第三节,二,"国别经济研究(1-16周)沙河学院楼3号楼321",国别经济研究,(1-16周),沙河学院楼3号楼
5,第三节,四,"西方人文社科经典原著选读1(2-17周)沙河西区102",西方人文社科经典,原著选读1,(2-17周)
6,第三节,五,"制度经济学研究(1-16周)沙河西区302",制度经济学研究,(1-16周),沙河西区302
7,第七节,一,"马克思主义与社会科学方法论1(2-9周)沙河主教107",马克思主义与社会,科学方法论1,(2-9周)
8,第七节,二,"世界经济研究(1-16周)沙河学院楼3号楼123",世界经济研究,(1-16周),沙河学院楼3号楼
9,第七节,五,"当代西方经济学流派(1-16周)沙河学院楼4号楼110",当代西方经济学流,派,(1-16周)
10,第九节,二,"经济史、经济思想史专题(1-16周)沙河学院楼6号楼106",经济史、经济思想,史专题,(1-16周)
11,第九节,四,"区域经济学专题(1-16周)沙河学院楼3号楼217",区域经济学专题,(1-16周),沙河学院楼3号楼
12,第十二节,四,"二外日语2(2-17周)沙河西区302二外法语2(2-17周)沙河西区303二外俄语2(2-17周)沙河西区402",二外日语2(2-17周),沙河西区302,二外法语2(2-17周)
,节数,星期,课程信息,课程名称,时间范围,地点
0,第一节,二,"博弈论与信息经济学(1-16周)沙河西区402",博弈论与信息经济,学,(1-16周)
1,第一节,三,"产业组织理论(1-16周)沙河西区402",产业组织理论,(1-16周),沙河西区402
2,第一节,四,"计算机高级应用1沙河西区302(第2周)沙河学院楼6号111(第3-17周)",计算机高级应用1,沙河西区302,(第2周)
3,第一节,五,"环境金融学(1-16周)沙河学院楼3号楼123",环境金融学,(1-16周),沙河学院楼3号楼
4,第三节,一,"专业英语(1-16周)沙河主教509",专业英语,(1-16周),沙河主教509
5,第三节,二,"环境经济政策与治理(1-16周)沙河学院楼1号楼201",环境经济政策与治,理,(1-16周)
6,第三节,四,"西方人文社科经典原著选读1(2-17周)沙河西区102",西方人文社科经典,原著选读1,(2-17周)
7,第三节,五,"制度经济学研究(1-16周)沙河西区302",制度经济学研究,(1-16周),沙河西区302
8,第七节,一,"马克思主义与社会科学方法论1(2-9周)沙河主教107",马克思主义与社会科,学方法论1,(2-9周)
9,第七节,二,"人口经济学(1-16周)沙河学院楼3号楼221",人口经济学,(1-16周),沙河学院楼3号楼
10,第七节,五,"一般均衡理论(1-16周)沙河学院楼3号楼218",一般均衡理论,(1-16周),沙河学院楼3号楼
11,第九节,一,"公共财政与公共选择(1-16周)沙河学院楼3号楼221",公共财政与公共选择,(1-16周),沙河学院楼3号楼221
12,第九节,五,"环境经济学(1-16周)沙河学院楼3号楼219",环境经济学,(1-16周),沙河学院楼3号楼
13,第十二节,四,"二外日语2(2-17周)沙河西区302二外法语2(2-17周)沙河西区303二外俄语2(2-17周)沙河西区402",二外日语2(2-17周),沙河西区302,二外法语2(2-17周)
,节数,星期,课程信息,课程名称,时间范围,地点
0,第一节,一,"区域经济分析与规划(2-17周)沙河学院楼3号楼123",区域经济分析与规划,(2-17周),沙河学院楼3号楼123
1,第一节,二,"博弈论与信息经济学(1-16周)沙河西区402",博弈论与信息经济,学,(1-16周)
2,第一节,三,"产业组织理论(1-16周)沙河西区402",产业组织理论,(1-16周),沙河西区402
3,第一节,四,"计算机高级应用1沙河西区302(第2周)沙河学院楼6号111(第3-17周)",计算机高级应用1,沙河西区302,(第2周)
4,第三节,一,"专业英语(1-16周)沙河主教509",专业英语,(1-16周),沙河主教509
5,第三节,二,"国别经济研究(1-16周)沙河学院楼3号楼321",国别经济研究,(1-16周),沙河学院楼3号楼
6,第三节,四,"西方人文社科经典原著选读1(2-17周)沙河西区102",西方人文社科经典,原著选读1,(2-17周)
7,第三节,五,"制度经济学研究(1-16周)沙河西区302",制度经济学研究,(1-16周),沙河西区302
8,第七节,一,"马克思主义与社会科学方法论1(2-9周)沙河主教107",马克思主义与社会科,学方法论1,(2-9周)
9,第七节,五,"中国宏观经济管理研究(1-16周)沙河学院楼3号楼122",中国宏观经济管理,研究,(1-16周)
10,第九节,一,"公共财政与公共选择(1-16周)沙河学院楼3号楼221",公共财政与公共选择,(1-16周),沙河学院楼3号楼221
11,第九节,二,"经济史、经济思想史专题(1-16周)沙河学院楼6号楼106",经济史、经济思想,史专题,(1-16周)
12,第十二节,四,"二外日语2(2-17周)沙河西区302二外法语2(2-17周)沙河西区303二外俄语2(2-17周)沙河西区402",二外日语2(2-17周),沙河西区302,二外法语2(2-17周)
,节数,星期,课程信息,课程名称,时间范围,地点
0,第一节,一,"区域经济分析与规划(2-17周)沙河学院楼3号楼123",区域经济分析与规,划,(2-17周)
1,第一节,二,"博弈论与信息经济学(1-16周)沙河西区402",博弈论与信息经济,学,(1-16周)
2,第一节,三,"产业组织理论(1-16周)沙河西区402",产业组织理论,(1-16周),沙河西区402
3,第一节,四,"计算机高级应用1沙河西区302(第2周)沙河学院楼6号111(第3-17周)",计算机高级应用1,沙河西区302,(第2周)
4,第三节,一,"专业英语(1-16周)沙河主教509",专业英语,(1-16周),沙河主教509
5,第三节,四,"西方人文社科经典原著选读1(2-17周)沙河西区102",西方人文社科经典,原著选读1,(2-17周)
6,第三节,五,"制度经济学研究(1-16周)沙河西区302",制度经济学研究,(1-16周),沙河西区302
7,第七节,一,"马克思主义与社会科学方法论1(2-9周)沙河主教107",马克思主义与社会,科学方法论1,(2-9周)
8,第七节,二,"城市经济理论专题(1-16周)沙河学院楼3号楼122",城市经济理论专题,(1-16周),沙河学院楼3号楼
9,第七节,五,"中国宏观经济管理研究(1-16周)沙河学院楼3号楼122",中国宏观经济管理,研究,(1-16周)
10,第九节,二,"经济史、经济思想史专题(1-16周)沙河学院楼6号楼106",经济史、经济思想,史专题,(1-16周)
11,第九节,四,"区域经济学专题(1-16周)沙河学院楼3号楼217",区域经济学专题,(1-16周),沙河学院楼3号楼
12,第十二节,四,"二外日语2(2-17周)沙河西区302二外法语2(2-17周)沙河西区303二外俄语2(2-17周)沙河西区402",二外日语2(2-17周),沙河西区302,二外法语2(2-17周)
,节数,星期,课程信息,课程名称,时间范围,地点
0,第一节,二,"博弈论与信息经济学(1-16周)沙河西区402",博弈论与信息经济,学,(1-16周)
1,第一节,三,"产业组织理论(1-16周)沙河西区402",产业组织理论,(1-16周),沙河西区402
2,第一节,四,"计算机高级应用1沙河西区302(第2周)沙河学院楼6号111(第3-17周)",计算机高级应用1,沙河西区302,(第2周)
3,第三节,一,"专业英语(1-16周)沙河主教509",专业英语,(1-16周),沙河主教509
4,第三节,四,"西方人文社科经典原著选读1(2-17周)沙河西区102",西方人文社科经典,原著选读1,(2-17周)
5,第三节,五,"制度经济学研究(1-16周)沙河西区302",制度经济学研究,(1-16周),沙河西区302
6,第七节,一,"马克思主义与社会科学方法论1(2-9周)沙河主教107",马克思主义与社会,科学方法论1,(2-9周)
7,第十二节,四,"二外日语2(2-17周)沙河西区302二外法语2(2-17周)沙河西区303二外俄语2(2-17周)沙河西区402",二外日语2(2-17周),沙河西区302,二外法语2(2-17周)
,节数,星期,课程信息,课程名称,时间范围,地点
0,第一节,二,"博弈论与信息经济学(1-16周)沙河西区402",博弈论与信息经济,学,(1-16周)
1,第一节,三,"产业组织理论(1-16周)沙河西区402",产业组织理论,(1-16周),沙河西区402
2,第一节,四,"计算机高级应用1沙河西区302(第2周)沙河学院楼6号111(第3-17周)",计算机高级应用1,沙河西区302,(第2周)
3,第一节,五,"中国就业问题研究(1-16周)沙河学院楼3号楼122",中国就业问题研究,(1-16周),沙河学院楼3号楼
4,第三节,一,"专业英语(1-16周)沙河主教509",专业英语,(1-16周),沙河主教509
5,第三节,二,"社会保障理论研究(1-16周)沙河学院楼2号楼304",社会保障理论研究,(1-16周),沙河学院楼2号楼
6,第三节,四,"西方人文社科经典原著选读1(2-17周)沙河西区102",西方人文社科经典,原著选读1,(2-17周)
7,第三节,五,"制度经济学研究(1-16周)沙河西区302",制度经济学研究,(1-16周),沙河西区302
8,第七节,一,"马克思主义与社会科学方法论1(2-9周)沙河主教107",马克思主义与社会,科学方法论1,(2-9周)
9,第七节,二,"人口经济学(1-16周)沙河学院楼3号楼221",人口经济学,(1-16周),沙河学院楼3号楼
10,第九节,四,"劳动经济学研究(1-16周)沙河学院楼3号楼123",劳动经济学研究,(1-16周),沙河学院楼3号楼
11,第十二节,四,"二外日语2(2-17周)沙河西区302二外法语2(2-17周)沙河西区303二外俄语2(2-17周)沙河西区402",二外日语2(2-17周),沙河西区302,二外法语2(2-17周)
,节数,星期,课程信息,课程名称,时间范围,地点
0,第一节,一,"经济心理学经典与前沿实验(1-16周)学院南路主教109",经济心理学经典与,前沿实验,(1-16周)
1,第一节,二,"健康心理学(1-16周)学院南路中财大厦三层案例教室8",健康心理学,(1-16周),学院南路中财大厦
2,第一节,三,"社会心理学经典与前沿实验(1-16周)学院南路主教207",社会心理学经典与,前沿实验,(1-16周)
3,第一节,五,"经济心理学专题(1-16周)学院南路主教109",经济心理学专题,(1-16周),学院南路主教109
4,第三节,三,"心理咨询理论与实务(1-16周)学院南路主教207",心理咨询理论与,实务,(1-16周)
5,第七节,一,"心理学专业英语(1-16周)学院南路主教415",心理学专业英语,(1-16周),学院南路主教415
,节数,星期,课程信息,课程名称,时间范围,地点
0,第一节,一,"财经人口学(1-16周)学院南路主教415",财经人口学,(1-16周),学院南路主教415
1,第一节,二,"性别、婚姻与家庭研究(1-16周)学院南路中财大厦二层案例教室5",性别、婚姻与家庭,研究,(1-16周)
2,第一节,四,"人口社会学(1-16周)学院南路主教415",人口社会学,(1-16周),学院南路主教415
3,第三节,一,"人口迁移研究(1-16周)学院南路主教415",人口迁移研究,(1-16周),学院南路主教415
4,第三节,二,"组织社会学研究(1-16周)学院南路中财大厦二层案例教室2",组织社会学研究,(1-16周),学院南路中财大厦
5,第七节,一,"理论建模方法及应用(1-16周)学院南路主教307",理论建模方法,及应用,(1-16周)
6,第九节,四,"中国乡村研究(1-16周)学院南路主教101",中国乡村研究,(1-16周),学院南路主教101
7,第十二节,三,"老龄问题研究(1-16周)学院南路主教109",老龄问题研究,(1-16周),学院南路主教109
,节数,星期,课程信息,课程名称,时间范围,地点
0,第一节,二,"性别、婚姻与家庭研究(1-16周)学院南路中财大厦二层案例教室5",性别、婚姻与家庭,研究,(1-16周)
1,第一节,四,"人口研究(1-16周)学院南路主教302",人口研究,(1-16周),学院南路主教302
2,第一节,五,"经济心理学专题(1-16周)学院南路主教109",经济心理学专题,(1-16周),学院南路主教109
3,第三节,二,"组织社会学研究(1-16周)学院南路中财大厦二层案例教室2",组织社会学研究,(1-16周),学院南路中财大厦
4,第三节,三,"财政社会学研究(1-16周)学院南路主教302",财政社会学研究,(1-16周),学院南路主教302
5,第三节,四,"医疗与健康社会学研究(1-16周)学院南路主教101",医疗与健康社会学研究,(1-16周),学院南路主教101
6,第七节,一,"理论建模方法及应用(1-16周)学院南路主教307",理论建模方法及应,用,(1-16周)
7,第七节,四,"社会政策研究(1-16周)学院南路主教109",社会政策研究,(1-16周),学院南路主教109
8,第九节,四,"中国乡村研究(1-16周)学院南路主教101",中国乡村研究,(1-16周),学院南路主教101
9,第十二节,三,"企业社会学研究(1-16周)学院南路主教302",企业社会学研究,(1-16周),学院南路主教302
10,第十二节,四,"社会分层与流动研究(1-16周)学院南路主教207",社会分层与流动研究,(1-16周),学院南路主教207
,节数,星期,课程信息,课程名称,时间范围,地点
0,第三节,一,"国防经济学前沿专题(1-16周)学院南路中财大厦二层案例教室2",国防经济学前沿专,题,(1-16周)
1,第七节,二,"国防经济史(1-16周)学院南路中财大厦二层案例教室5",国防经济史,(1-16周),学院南路中财大厦
2,第七节,四,"经济与安全研究(1-16周)学院南路中财大厦二层案例教室5",经济与安全研究,(1-16周),学院南路中财大厦
,节数,星期,课程信息,课程名称,时间范围,地点
0,第三节,一,"高级国际贸易理论(3-4节) 1-16周学院南路主教108",高级国际贸易理论,(3-4节) 1-16周,学院南路主教108
1,第三节,三,"高级国际贸易理论(3-4节)  (2-17周)双周学院南路主教308",高级国际贸易理论,(3-4节)  (2-17,周)双周
2,第三节,五,"产业组织理论(1-16周)学院南路主教313",产业组织理论,(1-16周),学院南路主教313
3,第九节,一,"高级金融理论(上)(1-16周)学院南路主教313",高级金融理论,(上),(1-16周)
4,第九节,五,"期货、期权和衍生证券(1-16周)学院南路主教313",期货、期权和衍生,证券,(1-16周)
,节数,星期,课程信息,课程名称,时间范围,地点
0,第三节,一,"高级国际贸易理论(1-16周)学院南路主教108",高级国际贸易理论,(1-16周),学院南路主教108
1,第三节,三,"高级国际贸易理论(2-17周)双周学院南路主教308",高级国际贸易理论,(2-17周)双周,学院南路主教308
2,第三节,五,"产业组织理论(1-16周)学院南路主教313",产业组织理论,(1-16周),学院南路主教313
3,第九节,一,"高级金融理论(上)(1-16周)学院南路主教313",高级金融理论,(上),(1-16周)
4,第九节,五,"期货、期权和衍生证券(1-16周)学院南路主教313",期货、期权和衍生,证券,(1-16周)
,节数,星期,课程信息,课程名称,时间范围,地点
0,第三节,一,"高级国际贸易理论(1-16周)学院南路主教108",高级国际贸易理论,(1-16周),学院南路主教108
1,第三节,三,"高级国际贸易理论(2-17周)双周学院南路主教308",高级国际贸易理论,(2-17周)双周,学院南路主教308
2,第三节,五,"产业组织理论(1-16周)学院南路主教313",产业组织理论,(1-16周),学院南路主教313
3,第九节,一,"高级金融理论(上)(1-16周)学院南路主教313",高级金融理论,(上),(1-16周)
4,第九节,五,"期货、期权和衍生证券(1-16周)学院南路主教313",期货、期权和衍生,证券,(1-16周)
,节数,星期,课程信息,课程名称,时间范围,地点
0,第三节,一,"高级国际贸易理论(1-16周)学院南路主教108",高级国际贸易理论,(1-16周),学院南路主教108
1,第三节,三,"高级国际贸易理论(2-17周)双周学院南路主教308",高级国际贸易理论,(2-17周)双周,学院南路主教308
2,第三节,五,"产业组织理论(1-16周)学院南路主教313",产业组织理论,(1-16周),学院南路主教313
3,第九节,一,"高级金融理论(上)(1-16周)学院南路主教313",高级金融理论,(上),(1-16周)
4,第九节,五,"期货、期权和衍生证券(1-16周)学院南路主教313",期货、期权和衍生,证券,(1-16周)
,节数,星期,课程信息,课程名称,时间范围,地点
0,第三节,二,"高级金融理论II:公司财务(2-17周)学院南路主教217",高级金融理论II:,公司财务,(2-17周)
1,第三节,五,"金融衍生工具(2-17周)学院南路主教210",金融衍生工具,(2-17周),学院南路主教210
2,第七节,四,"行为金融学(2-17周)学院南路主教403",行为金融学,(2-17周),学院南路主教403
3,第九节,二,"金融风险管理(2-17周)学院南路主教212",金融风险管理,(2-17周),学院南路主教212
4,第九节,三,"国际金融学(2-17周)学院南路主教217",国际金融学,(2-17周),学院南路主教217
,节数,星期,课程信息,课程名称,时间范围,地点
0,第一节,三,"Investment(1-16周)学院南路主教511",Investment,(1-16周),学院南路主教511
1,第三节,一,"China's Economyand Finance(6-8周)学院南路主教509",China's Economy,and Finance,(6-8周)
2,第三节,二,"China's Economyand Finance(5-8周)学院南路主教409",China's Economy,and Finance,(5-8周)
3,第三节,三,"FinancialAnalysis(1-16周)学院南路主教511",Financial,Analysis,(1-16周)
4,第三节,四,"China's Economyand Finance(5-8周)第8周上3-4节学院南路主教404",China's Economy,and Finance,(5-8周)
5,第三节,五,"FinancialDerivatives(1-16周)学院南路主教310",Financial,Derivatives,(1-16周)
6,第七节,一,"EmpiricalMethods inFinance(1-16周)学院南路主教304",Empirical,Methods in,Finance
,节数,星期,课程信息,课程名称,时间范围,地点
0,第一节,五,"专业英语(1-16周)沙河学院楼3号楼322",专业英语,(1-16周),沙河学院楼3号楼
1,第三节,一,"区域经济学专题(1-16周)沙河学院楼3号楼124",区域经济学专题,(1-16周),沙河学院楼3号楼
2,第三节,二,"国际金融理论与政策(1-16周)沙河学院楼3号楼322",国际金融理论与政,策,(1-16周)
3,第三节,三,"宏观经济管理模式的国际比较(1-16周)沙河学院楼3号楼220",宏观经济管理模式,的国际比较,(1-16周)
4,第三节,四,"产业结构理论与产业结构政策(1-16周)沙河学院楼3号楼322",产业结构理论与产,业结构政策,(1-16周)
5,第三节,五,"文化经济学(1-16周)沙河学院楼3号楼219",文化经济学,(1-16周),沙河学院楼3号楼
6,第九节,一,"制度经济学与中国经济发展(1-16周)另行确定",制度经济学与中国,经济发展,(1-16周)
7,第九节,二,"资本全球化问题研究(1-16周)学院南路主教1509",资本全球化问题研,究,(1-16周)
8,第九节,三,"企业经济学与资本市场问题研究(1-16周)沙河主教102",企业经济学与资本,市场问题研究,(1-16周)
9,第九节,四,"产业发展与产业组织研究(1-16周)学院南路主教1509",产业发展与产业组,织研究,(1-16周)
10,第九节,五,"中国就业问题研究(1-16周)沙河学院楼3号楼217",中国就业问题研究,(1-16周),沙河学院楼3号楼
,节数,星期,课程信息,课程名称,时间范围,地点
0,第一节,五,"专业英语(1-16周)沙河学院楼3号楼322",专业英语,(1-16周),沙河学院楼3号楼
1,第三节,一,"区域经济学专题(1-16周)沙河学院楼3号楼124",区域经济学专题,(1-16周),沙河学院楼3号楼
2,第三节,二,"国际金融理论与政策(1-16周)沙河学院楼3号楼322",国际金融理论与政,策,(1-16周)
3,第三节,三,"宏观经济管理模式的国际比较(1-16周)沙河学院楼3号楼220",宏观经济管理模式,的国际比较,(1-16周)
4,第三节,四,"产业结构理论与产业结构政策(1-16周)沙河学院楼3号楼322",产业结构理论与产,业结构政策,(1-16周)
5,第三节,五,"世界经济理论与政策(1-16周)学院南路主教412",世界经济理论与政,策,(1-16周)
6,第九节,一,"制度经济学与中国经济发展(1-16周)另行确定",制度经济学与中国,经济发展,(1-16周)
7,第九节,二,"资本全球化问题研究(1-16周)学院南路主教1509",资本全球化问题研,究,(1-16周)
8,第九节,三,"企业经济学与资本市场问题研究(1-16周)沙河主教102",企业经济学与资本,市场问题研究,(1-16周)
9,第九节,四,"产业发展与产业组织研究(1-16周)学院南路主教1509",产业发展与产业组,织研究,(1-16周)
10,第九节,五,"中国就业问题研究(1-16周)沙河学院楼3号楼217",中国就业问题研究,(1-16周),沙河学院楼3号楼
,节数,星期,课程信息,课程名称,时间范围,地点
0,第一节,五,"专业英语(1-16周)沙河学院楼3号楼322",专业英语,(1-16周),沙河学院楼3号楼
1,第三节,一,"区域经济学专题(1-16周)沙河学院楼3号楼124",区域经济学专题,(1-16周),沙河学院楼3号楼
2,第三节,二,"国际金融理论与政策(1-16周)沙河学院楼3号楼322",国际金融理论与政,策,(1-16周)
3,第三节,三,"宏观经济管理模式的国际比较(1-16周)沙河学院楼3号楼220",宏观经济管理模式,的国际比较,(1-16周)
4,第三节,四,"产业结构理论与产业结构政策(1-16周)沙河学院楼3号楼322",产业结构理论与产,业结构政策,(1-16周)
5,第三节,五,"环境经济与区域发展研究(1-16周)沙河学院楼3号楼221",环境经济与区域发,展研究,(1-16周)
6,第九节,一,"制度经济学与中国经济发展(1-16周)另行确定",制度经济学与中国,经济发展,(1-16周)
7,第九节,二,"资本全球化问题研究(1-16周)学院南路主教1509",资本全球化问题研,究,(1-16周)
8,第九节,三,"企业经济学与资本市场问题研究(1-16周)沙河主教102",企业经济学与资本,市场问题研究,(1-16周)
9,第九节,四,"产业发展与产业组织研究(1-16周)学院南路主教1509",产业发展与产业组,织研究,(1-16周)
10,第九节,五,"中国就业问题研究(1-16周)沙河学院楼3号楼217",中国就业问题研究,(1-16周),沙河学院楼3号楼
,节数,星期,课程信息,课程名称,时间范围,地点
0,第一节,五,"专业英语(1-16周)沙河学院楼3号楼322",专业英语,(1-16周),沙河学院楼3号楼
1,第三节,一,"区域经济学专题(1-16周)沙河学院楼3号楼124",区域经济学专题,(1-16周),沙河学院楼3号楼
2,第三节,二,"国际金融理论与政策(1-16周)沙河学院楼3号楼322",国际金融理论与政,策,(1-16周)
3,第三节,三,"宏观经济管理模式的国际比较(1-16周)沙河学院楼3号楼220",宏观经济管理模式,的国际比较,(1-16周)
4,第三节,四,"产业结构理论与产业结构政策(1-16周)沙河学院楼3号楼322",产业结构理论与产,业结构政策,(1-16周)
5,第三节,五,"中国宏观经济若干问题研究(1-16周)学院南路图配楼三层会议室",中国宏观经济若干,问题研究,(1-16周)
6,第九节,一,"制度经济学与中国经济发展(1-16周)另行确定",制度经济学与中国,经济发展,(1-16周)
7,第九节,二,"资本全球化问题研究(1-16周)学院南路主教1509",资本全球化问题研,究,(1-16周)
8,第九节,三,"企业经济学与资本市场问题研究(1-16周)沙河主教102",企业经济学与资本,市场问题研究,(1-16周)
9,第九节,四,"产业发展与产业组织研究(1-16周)学院南路主教1509",产业发展与产业组,织研究,(1-16周)
10,第九节,五,"中国就业问题研究(1-16周)沙河学院楼3号楼217",中国就业问题研究,(1-16周),沙河学院楼3号楼
,节数,星期,课程信息,课程名称,时间范围,地点
0,第一节,五,"专业英语(1-16周)沙河学院楼3号楼322",专业英语,(1-16周),沙河学院楼3号楼
1,第三节,一,"区域经济学专题(1-16周)沙河学院楼3号楼124",区域经济学专题,(1-16周),沙河学院楼3号楼
2,第三节,二,"国际金融理论与政策(1-16周)沙河学院楼3号楼322",国际金融理论与政,策,(1-16周)
3,第三节,三,"宏观经济管理模式的国际比较(1-16周)沙河学院楼3号楼220",宏观经济管理模式,的国际比较,(1-16周)
4,第三节,四,"产业结构理论与产业结构政策(1-16周)沙河学院楼3号楼322",产业结构理论与产,业结构政策,(1-16周)
5,第九节,一,"制度经济学与中国经济发展(1-16周)另行确定",制度经济学与中国,经济发展,(1-16周)
6,第九节,二,"资本全球化问题研究(1-16周)学院南路主教1509",资本全球化问题研,究,(1-16周)
7,第九节,三,"企业经济学与资本市场问题研究(1-16周)沙河主教102",企业经济学与资本,市场问题研究,(1-16周)
8,第九节,四,"产业发展与产业组织研究(1-16周)学院南路主教1509",产业发展与产业组,织研究,(1-16周)
9,第九节,五,"中国就业问题研究(1-16周)沙河学院楼3号楼217",中国就业问题研究,(1-16周),沙河学院楼3号楼
,节数,星期,课程信息,课程名称,时间范围,地点
0,第一节,五,"专业英语(1-16周)沙河学院楼3号楼322",专业英语,(1-16周),沙河学院楼3号楼
1,第三节,一,"区域经济学专题(1-16周)沙河学院楼3号楼124",区域经济学专题,(1-16周),沙河学院楼3号楼
2,第三节,二,"国际金融理论与政策(1-16周)沙河学院楼3号楼322",国际金融理论与政,策,(1-16周)
3,第三节,三,"宏观经济管理模式的国际比较(1-16周)沙河学院楼3号楼220",宏观经济管理模式,的国际比较,(1-16周)
4,第三节,四,"产业结构理论与产业结构政策(1-16周)沙河学院楼3号楼322",产业结构理论与产,业结构政策,(1-16周)
5,第九节,一,"制度经济学与中国经济发展(1-16周)另行确定",制度经济学与中国,经济发展,(1-16周)
6,第九节,二,"资本全球化问题研究(1-16周)学院南路主教1509",资本全球化问题研,究,(1-16周)
7,第九节,三,"企业经济学与资本市场问题研究(1-16周)沙河主教102",企业经济学与资本,市场问题研究,(1-16周)
8,第九节,四,"产业发展与产业组织研究(1-16周)学院南路主教1509",产业发展与产业组,织研究,(1-16周)
9,第九节,五,"中国就业问题研究(1-16周)沙河学院楼3号楼217",中国就业问题研究,(1-16周),沙河学院楼3号楼
,节数,星期,课程信息,课程名称,时间范围,地点
0,第一节,五,"专业英语(1-16周)沙河学院楼3号楼322",专业英语,(1-16周),沙河学院楼3号楼
1,第三节,一,"区域经济学专题(1-16周)沙河学院楼3号楼124",区域经济学专题,(1-16周),沙河学院楼3号楼
2,第三节,二,"国际金融理论与政策(1-16周)沙河学院楼3号楼322",国际金融理论与政,策,(1-16周)
3,第三节,三,"宏观经济管理模式的国际比较(1-16周)沙河学院楼3号楼220",宏观经济管理模式,的国际比较,(1-16周)
4,第三节,四,"产业结构理论与产业结构政策(1-16周)沙河学院楼3号楼322",产业结构理论与产,业结构政策,(1-16周)
5,第九节,一,"制度经济学与中国经济发展(1-16周)另行确定",制度经济学与中国,经济发展,(1-16周)
6,第九节,二,"资本全球化问题研究(1-16周)学院南路主教1509",资本全球化问题研,究,(1-16周)
7,第九节,三,"企业经济学与资本市场问题研究(1-16周)沙河主教102",企业经济学与资本,市场问题研究,(1-16周)
8,第九节,四,"产业发展与产业组织研究(1-16周)学院南路主教1509",产业发展与产业组,织研究,(1-16周)
9,第九节,五,"中国就业问题研究(1-16周)沙河学院楼3号楼217",中国就业问题研究,(1-16周),沙河学院楼3号楼
,节数,星期,课程信息,课程名称,时间范围,地点
0,第七节,四,"学术论文写作 II(第1周、第7-13周)沙河学院楼1号楼102",学术论文写作 II,(第1周、第7-13,周)
,节数,星期,课程信息,课程名称,时间范围,地点
0,第三节,一,"高级国际贸易理论(1-16周)学院南路主教108",高级国际贸易理论,(1-16周),学院南路主教108
1,第三节,三,"高级国际贸易理论(2-17周)双周学院南路主教308",高级国际贸易理论,(2-17周)双周,学院南路主教308
2,第三节,五,"产业组织理论(1-16周)学院南路主教313",产业组织理论,(1-16周),学院南路主教313
3,第九节,一,"高级金融理论(上)(1-16周)学院南路主教313",高级金融理论,(上),(1-16周)
4,第九节,五,"期货、期权和衍生证券(1-16周)学院南路主教313",期货、期权和衍生,证券,(1-16周)
,节数,星期,课程信息,课程名称,时间范围,地点
0,第三节,一,"高级国际贸易理论(1-16周)学院南路主教108",高级国际贸易理论,(1-16周),学院南路主教108
1,第三节,三,"高级国际贸易理论(2-17周)双周学院南路主教308",高级国际贸易理论,(2-17周)双周,学院南路主教308
2,第三节,五,"产业组织理论(1-16周)学院南路主教313",产业组织理论,(1-16周),学院南路主教313
3,第九节,一,"高级金融理论(上)(1-16周)学院南路主教313",高级金融理论,(上),(1-16周)
4,第九节,五,"期货、期权和衍生证券(1-16周)学院南路主教313",期货、期权和衍生,证券,(1-16周)
,节数,星期,课程信息,课程名称,时间范围,地点
0,第三节,二,"高级金融理论II:公司财务(2-17周)学院南路主教217",高级金融理论II:,公司财务,(2-17周)
1,第三节,五,"金融衍生工具(2-17周)学院南路主教210",金融衍生工具,(2-17周),学院南路主教210
2,第七节,四,"行为金融学(2-17周)学院南路主教403",行为金融学,(2-17周),学院南路主教403
3,第九节,三,"国际金融学(2-17周)学院南路主教217",国际金融学,(2-17周),学院南路主教217
,节数,星期,课程信息,课程名称,时间范围,地点
0,第三节,五,"城市经济学(上)1-16周学院南路主教108",城市经济学(上),1-16周,学院南路主教108
,节数,星期,课程信息,课程名称,时间范围,地点
0,第三节,一,"高级微观经济学(1)(2-17周)沙河主教504",高级微观经济学,(1),(2-17周)
1,第三节,四,"马克思主义与当代1(2-17周)沙河西区101",马克思主义与当代1,(2-17周),沙河西区101
2,第四节,一,"财政学理论前沿(2-17周)沙河主教409",财政学理论前沿,(2-17周),沙河主教409
3,第九节,四,"计量财税建模与应用(2-17周)沙河学院楼4号楼106",计量财税建模与应用,(2-17周),沙河学院楼4号楼106
4,第九节,五,"高级微宏经济学(1)(2-17周)沙河主教401",高级微宏经济学,(1),(2-17周)
,节数,星期,课程信息,课程名称,时间范围,地点
0,第三节,一,"高级微观经济学(1)(2-17周)沙河主教504",高级微观经济学,(1),(2-17周)
1,第三节,四,"马克思主义与当代1(2-17周)沙河西区101",马克思主义与当代1,(2-17周),沙河西区101
2,第四节,一,"财政学理论前沿(2-17周)沙河主教409",财政学理论前沿,(2-17周),沙河主教409
3,第七节,二,"中外财税史(2-17周)沙河主教305",中外财税史,(2-17周),沙河主教305
4,第九节,四,"计量财税建模与应用(2-17周)沙河学院楼4号楼106",计量财税建模与应用,(2-17周),沙河学院楼4号楼106
5,第九节,五,"高级微宏经济学(1)(2-17周)沙河主教401",高级微宏经济学,(1),(2-17周)
,节数,星期,课程信息,课程名称,时间范围,地点
0,第三节,四,"马克思主义与当代1(2-17周)沙河西区101",马克思主义与当代1,(2-17周),沙河西区101
1,第九节,二,"高级计量经济学1(2-13周)沙河学院楼3号楼322(14-17周)沙河学院楼6号楼304",高级计量经济学1,(2-13周),沙河学院楼
,节数,星期,课程信息,课程名称,时间范围,地点
0,第一节,三,"最优化理论(2-17周双周上)沙河主教405",最优化理论,(2-17周双周上),沙河主教405
1,第一节,五,"最优化理论(2-17周)沙河主教405",最优化理论,(2-17周),沙河主教405
2,第三节,四,"马克思主义与当代1(2-17周)沙河西区101",马克思主义与当代1,(2-17周),沙河西区101
,节数,星期,课程信息,课程名称,时间范围,地点
0,第三节,四,"马克思主义与当代1(2-17周)沙河西区101",马克思主义与当代1,(2-17周),沙河西区101
1,第三节,五,"专业英语(2-17周)沙河主教506",专业英语,(2-17周),沙河主教506
2,第九节,四,"经济学研究方法(2-17周)沙河主教306",经济学研究方法,(2-17周),沙河主教306
,节数,星期,课程信息,课程名称,时间范围,地点
0,第三节,一,"管理研究方法基础(2-12周)学院南路主教511",管理研究方法基础,(2-12周),学院南路主教511
1,第三节,四,"马克思主语与当代2(2-17周)学院南路主教303",马克思主语与当代2,(2-17周),学院南路主教303
2,第三节,五,"实证微观金融理论与方法(双语)(2-12周)学院南路主教315",实证微观金融理论,与方法(双语),(2-12周)
3,第九节,一,"国际经济学(2-17周)学院南路主教109",国际经济学,(2-17周),学院南路主教109
,节数,星期,课程信息,课程名称,时间范围,地点
0,第三节,一,"管理研究方法基础(2-12周)学院南路主教511",管理研究方法基础,(2-12周),学院南路主教511
1,第三节,四,"马克思主语与当代2(2-17周)学院南路主教303",马克思主语与当代2,(2-17周),学院南路主教303
2,第三节,五,"实证微观金融理论与方法(双语)(2-12周)学院南路主教315",实证微观金融理论,与方法(双语),(2-12周)
,节数,星期,课程信息,课程名称,时间范围,地点
0,第三节,一,"管理研究方法基础(2-12周)学院南路主教511",管理研究方法基础,(2-12周),学院南路主教511
1,第三节,四,"马克思主语与当代2(2-17周)学院南路主教303",马克思主语与当代2,(2-17周),学院南路主教303
2,第三节,五,"实证微观金融理论与方法(双语)(2-12周)学院南路主教315",实证微观金融理论,与方法(双语),(2-12周)
,节数,星期,课程信息,课程名称,时间范围,地点
0,第一节,二,"城市与房地产专题研究(2-17周)沙河学院楼4号楼318",城市与房地产专题,研究,(2-17周)
1,第三节,一,"投资与经济专题研究(2-17周)沙河学院楼4号楼318",投资与经济专题研,究,(2-17周)
2,第三节,二,"经济学与管理学前沿问题研究(2-17周)沙河学院楼4号楼320",经济学与管理学前,沿问题研究,(2-17周)
3,第三节,四,"马克思主义与当代1(2-17周)沙河西区101",马克思主义与当代1,(2-17周),沙河西区101
4,第七节,二,"项目管理理论前沿(2-17周)沙河学院楼4号楼318",项目管理理论前沿,(2-17周),沙河学院楼4号楼
,节数,星期,课程信息,课程名称,时间范围,地点
0,第三节,一,"经济信息管理的理论与方法(2-17周)沙河学院楼7号楼215",经济信息管理的理论,与方法,(2-17周)
1,第三节,四,"马克思主义与当代1(2-17周)沙河西区101",马克思主义与当代1,(2-17周),沙河西区101
2,第七节,四,"撰写博士学位论文过程-研究方法(2-17周)沙河主教213",撰写博士学位论文,过程-研究方法,(2-17周)
,节数,星期,课程信息,课程名称,时间范围,地点
0,第三节,一,"高级国际贸易理论(3-4节) 1-16周学院南路主教108",高级国际贸易理论,(3-4节) 1-16周,学院南路主教108
1,第三节,三,"高级国际贸易理论(3-4节)  (2-17周)双周学院南路主教308",高级国际贸易理论,(3-4节)  (2-17,周)双周
2,第三节,五,"产业组织理论(1-16周)学院南路主教313",产业组织理论,(1-16周),学院南路主教313
3,第九节,一,"高级金融理论(上)(1-16周)学院南路主教313",高级金融理论,(上),(1-16周)
4,第九节,五,"期货、期权和衍生证券(1-16周)学院南路主教313",期货、期权和衍生,证券,(1-16周)
,节数,星期,课程信息,课程名称,时间范围,地点
0,第三节,一,"高级国际贸易理论(3-4节) 1-16周学院南路主教108",高级国际贸易理论,(3-4节) 1-16周,学院南路主教108
1,第三节,三,"高级国际贸易理论(3-4节)  (2-17周)双周学院南路主教308",高级国际贸易理论,(3-4节)  (2-17,周)双周
2,第三节,五,"产业组织理论(1-16周)学院南路主教313",产业组织理论,(1-16周),学院南路主教313
3,第九节,一,"高级金融理论(上)(1-16周)学院南路主教313",高级金融理论,(上),(1-16周)
4,第九节,五,"期货、期权和衍生证券(1-16周)学院南路主教313",期货、期权和衍生,证券,(1-16周)
,节数,星期,课程信息,课程名称,时间范围,地点
0,第三节,二,"高级金融理论II:公司财务(2-17周)学院南路主教217",高级金融理论II:,公司财务,(2-17周)
1,第三节,四,"中国马克思主义与当代2(2-17周)学院南路主教303",中国马克思主义与,当代2,(2-17周)
2,第三节,五,"金融衍生工具(2-17周)学院南路主教210",金融衍生工具,(2-17周),学院南路主教210
3,第七节,四,"行为金融学(2-17周)学院南路主教403",行为金融学,(2-17周),学院南路主教403
4,第九节,二,"金融风险管理(2-17周)学院南路主教212",金融风险管理,(2-17周),学院南路主教212
5,第九节,三,"国际金融学(2-17周)学院南路主教217",国际金融学,(2-17周),学院南路主教217
